2020-12-21,0,25201
2020-12-21,09,34
2020-12-21,19,69
2020-12-21,29,173
2020-12-21,39,335
2020-12-21,49,666
2020-12-21,59,1634
2020-12-21,69,3659
2020-12-21,79,5948
2020-12-21,89,8202
2020-12-21,90,4279
2020-12-22,0,24932
2020-12-22,09,36
2020-12-22,19,71
2020-12-22,29,176
2020-12-22,39,333
2020-12-22,49,648
2020-12-22,59,1595
2020-12-22,69,3618
2020-12-22,79,5912
2020-12-22,89,8093
2020-12-22,90,4245
2020-12-23,0,24852
2020-12-23,09,39
2020-12-23,19,64
2020-12-23,29,192
2020-12-23,39,332
2020-12-23,49,640
2020-12-23,59,1568
2020-12-23,69,3594
2020-12-23,79,5849
2020-12-23,89,8116
2020-12-23,90,4246
2020-12-24,0,24607
2020-12-24,09,37
2020-12-24,19,61
2020-12-24,29,188
2020-12-24,39,321
2020-12-24,49,637
2020-12-24,59,1531
2020-12-24,69,3548
2020-12-24,79,5773
2020-12-24,89,8071
2020-12-24,90,4232
2020-12-25,0,24359
2020-12-25,09,34
2020-12-25,19,61
2020-12-25,29,188
2020-12-25,39,309
2020-12-25,49,609
2020-12-25,59,1512
2020-12-25,69,3510
2020-12-25,79,5709
2020-12-25,89,8040
2020-12-25,90,4200
2020-12-26,0,24444
2020-12-26,09,32
2020-12-26,19,64
2020-12-26,29,195
2020-12-26,39,304
2020-12-26,49,608
2020-12-26,59,1518
2020-12-26,69,3501
2020-12-26,79,5763
2020-12-26,89,8074
2020-12-26,90,4197
2020-12-27,0,24620
2020-12-27,09,33
2020-12-27,19,65
2020-12-27,29,195
2020-12-27,39,315
2020-12-27,49,624
2020-12-27,59,1515
2020-12-27,69,3530
2020-12-27,79,5784
2020-12-27,89,8134
2020-12-27,90,4232
2020-12-28,0,24645
2020-12-28,09,37
2020-12-28,19,60
2020-12-28,29,190
2020-12-28,39,322
2020-12-28,49,625
2020-12-28,59,1539
2020-12-28,69,3512
2020-12-28,79,5812
2020-12-28,89,8150
2020-12-28,90,4208
2020-12-29,0,24743
2020-12-29,09,40
2020-12-29,19,56
2020-12-29,29,192
2020-12-29,39,321
2020-12-29,49,641
2020-12-29,59,1575
2020-12-29,69,3520
2020-12-29,79,5835
2020-12-29,89,8189
2020-12-29,90,4195
2020-12-30,0,24560
2020-12-30,09,37
2020-12-30,19,58
2020-12-30,29,199
2020-12-30,39,324
2020-12-30,49,632
2020-12-30,59,1553
2020-12-30,69,3507
2020-12-30,79,5834
2020-12-30,89,8140
2020-12-30,90,4107
2020-12-31,0,24407
2020-12-31,09,39
2020-12-31,19,58
2020-12-31,29,195
2020-12-31,39,312
2020-12-31,49,631
2020-12-31,59,1548
2020-12-31,69,3490
2020-12-31,79,5802
2020-12-31,89,8053
2020-12-31,90,4106
2021-01-01,0,24263
2021-01-01,09,36
2021-01-01,19,62
2021-01-01,29,186
2021-01-01,39,320
2021-01-01,49,612
2021-01-01,59,1532
2021-01-01,69,3454
2021-01-01,79,5756
2021-01-01,89,8032
2021-01-01,90,4102
2021-01-02,0,24458
2021-01-02,09,35
2021-01-02,19,63
2021-01-02,29,183
2021-01-02,39,328
2021-01-02,49,627
2021-01-02,59,1547
2021-01-02,69,3480
2021-01-02,79,5806
2021-01-02,89,8081
2021-01-02,90,4129
2021-01-03,0,24780
2021-01-03,09,33
2021-01-03,19,61
2021-01-03,29,191
2021-01-03,39,329
2021-01-03,49,630
2021-01-03,59,1571
2021-01-03,69,3526
2021-01-03,79,5881
2021-01-03,89,8199
2021-01-03,90,4171
2021-01-04,0,24962
2021-01-04,09,32
2021-01-04,19,63
2021-01-04,29,185
2021-01-04,39,325
2021-01-04,49,643
2021-01-04,59,1606
2021-01-04,69,3546
2021-01-04,79,5944
2021-01-04,89,8233
2021-01-04,90,4204
2021-01-05,0,24871
2021-01-05,09,30
2021-01-05,19,58
2021-01-05,29,177
2021-01-05,39,317
2021-01-05,49,626
2021-01-05,59,1588
2021-01-05,69,3492
2021-01-05,79,5965
2021-01-05,89,8221
2021-01-05,90,4215
2021-01-06,0,24708
2021-01-06,09,29
2021-01-06,19,65
2021-01-06,29,178
2021-01-06,39,303
2021-01-06,49,615
2021-01-06,59,1564
2021-01-06,69,3465
2021-01-06,79,5951
2021-01-06,89,8153
2021-01-06,90,4199
2021-01-07,0,24488
2021-01-07,09,26
2021-01-07,19,70
2021-01-07,29,180
2021-01-07,39,306
2021-01-07,49,625
2021-01-07,59,1574
2021-01-07,69,3424
2021-01-07,79,5891
2021-01-07,89,8113
2021-01-07,90,4092
2021-01-08,0,24377
2021-01-08,09,30
2021-01-08,19,63
2021-01-08,29,191
2021-01-08,39,311
2021-01-08,49,630
2021-01-08,59,1565
2021-01-08,69,3430
2021-01-08,79,5862
2021-01-08,89,8056
2021-01-08,90,4047
2021-01-09,0,24240
2021-01-09,09,29
2021-01-09,19,63
2021-01-09,29,190
2021-01-09,39,307
2021-01-09,49,635
2021-01-09,59,1538
2021-01-09,69,3415
2021-01-09,79,5809
2021-01-09,89,8032
2021-01-09,90,4018
2021-01-10,0,24526
2021-01-10,09,29
2021-01-10,19,59
2021-01-10,29,192
2021-01-10,39,320
2021-01-10,49,653
2021-01-10,59,1557
2021-01-10,69,3446
2021-01-10,79,5881
2021-01-10,89,8128
2021-01-10,90,4050
2021-01-11,0,24812
2021-01-11,09,30
2021-01-11,19,60
2021-01-11,29,197
2021-01-11,39,330
2021-01-11,49,656
2021-01-11,59,1581
2021-01-11,69,3515
2021-01-11,79,5934
2021-01-11,89,8213
2021-01-11,90,4085
2021-01-12,0,24703
2021-01-12,09,32
2021-01-12,19,61
2021-01-12,29,191
2021-01-12,39,324
2021-01-12,49,644
2021-01-12,59,1594
2021-01-12,69,3498
2021-01-12,79,5950
2021-01-12,89,8184
2021-01-12,90,4004
2021-01-13,0,24735
2021-01-13,09,30
2021-01-13,19,61
2021-01-13,29,202
2021-01-13,39,340
2021-01-13,49,647
2021-01-13,59,1596
2021-01-13,69,3497
2021-01-13,79,5956
2021-01-13,89,8199
2021-01-13,90,3996
2021-01-14,0,24983
2021-01-14,09,32
2021-01-14,19,66
2021-01-14,29,200
2021-01-14,39,347
2021-01-14,49,651
2021-01-14,59,1627
2021-01-14,69,3532
2021-01-14,79,6035
2021-01-14,89,8251
2021-01-14,90,4025
2021-01-15,0,25009
2021-01-15,09,29
2021-01-15,19,57
2021-01-15,29,207
2021-01-15,39,359
2021-01-15,49,660
2021-01-15,59,1638
2021-01-15,69,3510
2021-01-15,79,6027
2021-01-15,89,8245
2021-01-15,90,4061
2021-01-16,0,24985
2021-01-16,09,27
2021-01-16,19,64
2021-01-16,29,207
2021-01-16,39,366
2021-01-16,49,635
2021-01-16,59,1660
2021-01-16,69,3519
2021-01-16,79,5997
2021-01-16,89,8268
2021-01-16,90,4041
2021-01-17,0,25235
2021-01-17,09,28
2021-01-17,19,64
2021-01-17,29,209
2021-01-17,39,364
2021-01-17,49,648
2021-01-17,59,1696
2021-01-17,69,3548
2021-01-17,79,6059
2021-01-17,89,8330
2021-01-17,90,4076
2021-01-18,0,25584
2021-01-18,09,28
2021-01-18,19,69
2021-01-18,29,218
2021-01-18,39,364
2021-01-18,49,655
2021-01-18,59,1726
2021-01-18,69,3601
2021-01-18,79,6166
2021-01-18,89,8425
2021-01-18,90,4123
2021-01-19,0,25532
2021-01-19,09,25
2021-01-19,19,74
2021-01-19,29,220
2021-01-19,39,351
2021-01-19,49,673
2021-01-19,59,1717
2021-01-19,69,3589
2021-01-19,79,6139
2021-01-19,89,8374
2021-01-19,90,4151
2021-01-20,0,25650
2021-01-20,09,26
2021-01-20,19,66
2021-01-20,29,207
2021-01-20,39,325
2021-01-20,49,700
2021-01-20,59,1728
2021-01-20,69,3627
2021-01-20,79,6177
2021-01-20,89,8420
2021-01-20,90,4155
2021-01-21,0,25699
2021-01-21,09,27
2021-01-21,19,66
2021-01-21,29,206
2021-01-21,39,342
2021-01-21,49,699
2021-01-21,59,1736
2021-01-21,69,3664
2021-01-21,79,6150
2021-01-21,89,8421
2021-01-21,90,4171
2021-01-22,0,25872
2021-01-22,09,28
2021-01-22,19,73
2021-01-22,29,210
2021-01-22,39,337
2021-01-22,49,691
2021-01-22,59,1747
2021-01-22,69,3710
2021-01-22,79,6204
2021-01-22,89,8445
2021-01-22,90,4201
2021-01-23,0,25864
2021-01-23,09,26
2021-01-23,19,72
2021-01-23,29,209
2021-01-23,39,337
2021-01-23,49,693
2021-01-23,59,1773
2021-01-23,69,3680
2021-01-23,79,6184
2021-01-23,89,8478
2021-01-23,90,4191
2021-01-24,0,26357
2021-01-24,09,27
2021-01-24,19,74
2021-01-24,29,207
2021-01-24,39,351
2021-01-24,49,711
2021-01-24,59,1830
2021-01-24,69,3761
2021-01-24,79,6300
2021-01-24,89,8615
2021-01-24,90,4253
2021-01-25,0,26888
2021-01-25,09,29
2021-01-25,19,73
2021-01-25,29,215
2021-01-25,39,357
2021-01-25,49,742
2021-01-25,59,1887
2021-01-25,69,3874
2021-01-25,79,6410
2021-01-25,89,8752
2021-01-25,90,4309
2021-01-26,0,27005
2021-01-26,09,35
2021-01-26,19,72
2021-01-26,29,219
2021-01-26,39,360
2021-01-26,49,721
2021-01-26,59,1940
2021-01-26,69,3893
2021-01-26,79,6456
2021-01-26,89,8738
2021-01-26,90,4337
2021-01-27,0,27131
2021-01-27,09,33
2021-01-27,19,74
2021-01-27,29,222
2021-01-27,39,368
2021-01-27,49,732
2021-01-27,59,1964
2021-01-27,69,3922
2021-01-27,79,6445
2021-01-27,89,8781
2021-01-27,90,4354
2021-01-28,0,27128
2021-01-28,09,33
2021-01-28,19,67
2021-01-28,29,215
2021-01-28,39,368
2021-01-28,49,721
2021-01-28,59,1953
2021-01-28,69,3940
2021-01-28,79,6466
2021-01-28,89,8791
2021-01-28,90,4348
2021-01-29,0,27270
2021-01-29,09,36
2021-01-29,19,68
2021-01-29,29,214
2021-01-29,39,363
2021-01-29,49,738
2021-01-29,59,1952
2021-01-29,69,3985
2021-01-29,79,6534
2021-01-29,89,8818
2021-01-29,90,4335
2021-01-30,0,27242
2021-01-30,09,36
2021-01-30,19,72
2021-01-30,29,211
2021-01-30,39,366
2021-01-30,49,727
2021-01-30,59,1944
2021-01-30,69,3966
2021-01-30,79,6528
2021-01-30,89,8826
2021-01-30,90,4343
2021-01-31,0,27573
2021-01-31,09,36
2021-01-31,19,74
2021-01-31,29,212
2021-01-31,39,371
2021-01-31,49,749
2021-01-31,59,1985
2021-01-31,69,4017
2021-01-31,79,6602
2021-01-31,89,8922
2021-01-31,90,4380
2021-02-01,0,27874
2021-02-01,09,36
2021-02-01,19,72
2021-02-01,29,221
2021-02-01,39,385
2021-02-01,49,767
2021-02-01,59,2007
2021-02-01,69,4080
2021-02-01,79,6659
2021-02-01,89,9002
2021-02-01,90,4418
2021-02-02,0,28029
2021-02-02,09,36
2021-02-02,19,74
2021-02-02,29,227
2021-02-02,39,390
2021-02-02,49,793
2021-02-02,59,2028
2021-02-02,69,4104
2021-02-02,79,6752
2021-02-02,89,9035
2021-02-02,90,4365
2021-02-03,0,27953
2021-02-03,09,40
2021-02-03,19,80
2021-02-03,29,219
2021-02-03,39,395
2021-02-03,49,775
2021-02-03,59,2023
2021-02-03,69,4130
2021-02-03,79,6738
2021-02-03,89,9024
2021-02-03,90,4315
2021-02-04,0,27766
2021-02-04,09,42
2021-02-04,19,76
2021-02-04,29,218
2021-02-04,39,385
2021-02-04,49,769
2021-02-04,59,2037
2021-02-04,69,4075
2021-02-04,79,6734
2021-02-04,89,8949
2021-02-04,90,4268
2021-02-05,0,27572
2021-02-05,09,42
2021-02-05,19,77
2021-02-05,29,219
2021-02-05,39,400
2021-02-05,49,766
2021-02-05,59,2023
2021-02-05,69,4057
2021-02-05,79,6685
2021-02-05,89,8840
2021-02-05,90,4252
2021-02-06,0,27327
2021-02-06,09,41
2021-02-06,19,73
2021-02-06,29,221
2021-02-06,39,396
2021-02-06,49,753
2021-02-06,59,1990
2021-02-06,69,4010
2021-02-06,79,6627
2021-02-06,89,8765
2021-02-06,90,4231
2021-02-07,0,27652
2021-02-07,09,43
2021-02-07,19,72
2021-02-07,29,229
2021-02-07,39,410
2021-02-07,49,778
2021-02-07,59,2023
2021-02-07,69,4080
2021-02-07,79,6690
2021-02-07,89,8824
2021-02-07,90,4271
2021-02-08,0,27995
2021-02-08,09,40
2021-02-08,19,77
2021-02-08,29,229
2021-02-08,39,430
2021-02-08,49,789
2021-02-08,59,2058
2021-02-08,69,4181
2021-02-08,79,6769
2021-02-08,89,8898
2021-02-08,90,4307
2021-02-09,0,27634
2021-02-09,09,43
2021-02-09,19,75
2021-02-09,29,224
2021-02-09,39,409
2021-02-09,49,794
2021-02-09,59,2036
2021-02-09,69,4147
2021-02-09,79,6726
2021-02-09,89,8743
2021-02-09,90,4219
2021-02-10,0,27417
2021-02-10,09,45
2021-02-10,19,68
2021-02-10,29,229
2021-02-10,39,407
2021-02-10,49,796
2021-02-10,59,2029
2021-02-10,69,4099
2021-02-10,79,6725
2021-02-10,89,8660
2021-02-10,90,4152
2021-02-11,0,26963
2021-02-11,09,45
2021-02-11,19,66
2021-02-11,29,225
2021-02-11,39,400
2021-02-11,49,786
2021-02-11,59,1995
2021-02-11,69,4041
2021-02-11,79,6616
2021-02-11,89,8512
2021-02-11,90,4072
2021-02-12,0,26424
2021-02-12,09,46
2021-02-12,19,67
2021-02-12,29,222
2021-02-12,39,388
2021-02-12,49,759
2021-02-12,59,1982
2021-02-12,69,4000
2021-02-12,79,6488
2021-02-12,89,8301
2021-02-12,90,3975
2021-02-13,0,26196
2021-02-13,09,44
2021-02-13,19,64
2021-02-13,29,227
2021-02-13,39,379
2021-02-13,49,744
2021-02-13,59,1966
2021-02-13,69,3946
2021-02-13,79,6432
2021-02-13,89,8259
2021-02-13,90,3935
2021-02-14,0,26401
2021-02-14,09,43
2021-02-14,19,65
2021-02-14,29,229
2021-02-14,39,392
2021-02-14,49,765
2021-02-14,59,2001
2021-02-14,69,3991
2021-02-14,79,6474
2021-02-14,89,8280
2021-02-14,90,3952
2021-02-15,0,26478
2021-02-15,09,44
2021-02-15,19,68
2021-02-15,29,244
2021-02-15,39,400
2021-02-15,49,787
2021-02-15,59,2018
2021-02-15,69,4018
2021-02-15,79,6477
2021-02-15,89,8283
2021-02-15,90,3943
2021-02-16,0,26195
2021-02-16,09,40
2021-02-16,19,62
2021-02-16,29,249
2021-02-16,39,387
2021-02-16,49,777
2021-02-16,59,2008
2021-02-16,69,3979
2021-02-16,79,6406
2021-02-16,89,8202
2021-02-16,90,3887
2021-02-17,0,25929
2021-02-17,09,34
2021-02-17,19,59
2021-02-17,29,246
2021-02-17,39,399
2021-02-17,49,762
2021-02-17,59,2018
2021-02-17,69,3924
2021-02-17,79,6370
2021-02-17,89,8109
2021-02-17,90,3815
2021-02-18,0,25717
2021-02-18,09,32
2021-02-18,19,59
2021-02-18,29,243
2021-02-18,39,408
2021-02-18,49,768
2021-02-18,59,2007
2021-02-18,69,3918
2021-02-18,79,6329
2021-02-18,89,8000
2021-02-18,90,3766
2021-02-19,0,25506
2021-02-19,09,33
2021-02-19,19,63
2021-02-19,29,255
2021-02-19,39,424
2021-02-19,49,791
2021-02-19,59,1997
2021-02-19,69,3881
2021-02-19,79,6245
2021-02-19,89,7928
2021-02-19,90,3696
2021-02-20,0,25269
2021-02-20,09,33
2021-02-20,19,59
2021-02-20,29,248
2021-02-20,39,415
2021-02-20,49,783
2021-02-20,59,1989
2021-02-20,69,3861
2021-02-20,79,6183
2021-02-20,89,7837
2021-02-20,90,3663
2021-02-21,0,25464
2021-02-21,09,30
2021-02-21,19,65
2021-02-21,29,250
2021-02-21,39,431
2021-02-21,49,800
2021-02-21,59,2029
2021-02-21,69,3914
2021-02-21,79,6217
2021-02-21,89,7861
2021-02-21,90,3663
2021-02-22,0,25831
2021-02-22,09,32
2021-02-22,19,66
2021-02-22,29,262
2021-02-22,39,437
2021-02-22,49,809
2021-02-22,59,2110
2021-02-22,69,4010
2021-02-22,79,6271
2021-02-22,89,7945
2021-02-22,90,3691
2021-02-23,0,25660
2021-02-23,09,33
2021-02-23,19,69
2021-02-23,29,255
2021-02-23,39,419
2021-02-23,49,831
2021-02-23,59,2078
2021-02-23,69,3997
2021-02-23,79,6244
2021-02-23,89,7906
2021-02-23,90,3634
2021-02-24,0,25614
2021-02-24,09,36
2021-02-24,19,75
2021-02-24,29,251
2021-02-24,39,443
2021-02-24,49,837
2021-02-24,59,2098
2021-02-24,69,4019
2021-02-24,79,6198
2021-02-24,89,7871
2021-02-24,90,3583
2021-02-25,0,25317
2021-02-25,09,39
2021-02-25,19,74
2021-02-25,29,245
2021-02-25,39,455
2021-02-25,49,833
2021-02-25,59,2104
2021-02-25,69,3993
2021-02-25,79,6132
2021-02-25,89,7729
2021-02-25,90,3511
2021-02-26,0,25130
2021-02-26,09,34
2021-02-26,19,69
2021-02-26,29,231
2021-02-26,39,449
2021-02-26,49,851
2021-02-26,59,2063
2021-02-26,69,4010
2021-02-26,79,6129
2021-02-26,89,7630
2021-02-26,90,3487
2021-02-27,0,24989
2021-02-27,09,33
2021-02-27,19,72
2021-02-27,29,231
2021-02-27,39,442
2021-02-27,49,853
2021-02-27,59,2069
2021-02-27,69,4013
2021-02-27,79,6079
2021-02-27,89,7538
2021-02-27,90,3477
2021-02-28,0,25280
2021-02-28,09,38
2021-02-28,19,72
2021-02-28,29,234
2021-02-28,39,453
2021-02-28,49,868
2021-02-28,59,2122
2021-02-28,69,4083
2021-02-28,79,6131
2021-02-28,89,7594
2021-02-28,90,3496
2021-03-01,0,25430
2021-03-01,09,35
2021-03-01,19,69
2021-03-01,29,238
2021-03-01,39,459
2021-03-01,49,898
2021-03-01,59,2163
2021-03-01,69,4140
2021-03-01,79,6153
2021-03-01,89,7614
2021-03-01,90,3476
2021-03-02,0,25263
2021-03-02,09,34
2021-03-02,19,68
2021-03-02,29,237
2021-03-02,39,466
2021-03-02,49,923
2021-03-02,59,2156
2021-03-02,69,4154
2021-03-02,79,6145
2021-03-02,89,7484
2021-03-02,90,3412
2021-03-03,0,25111
2021-03-03,09,35
2021-03-03,19,75
2021-03-03,29,241
2021-03-03,39,480
2021-03-03,49,918
2021-03-03,59,2138
2021-03-03,69,4146
2021-03-03,79,6118
2021-03-03,89,7402
2021-03-03,90,3370
2021-03-04,0,24891
2021-03-04,09,30
2021-03-04,19,74
2021-03-04,29,238
2021-03-04,39,496
2021-03-04,49,901
2021-03-04,59,2162
2021-03-04,69,4151
2021-03-04,79,6067
2021-03-04,89,7306
2021-03-04,90,3288
2021-03-05,0,24765
2021-03-05,09,31
2021-03-05,19,69
2021-03-05,29,237
2021-03-05,39,509
2021-03-05,49,922
2021-03-05,59,2196
2021-03-05,69,4166
2021-03-05,79,5987
2021-03-05,89,7257
2021-03-05,90,3206
2021-03-06,0,24625
2021-03-06,09,31
2021-03-06,19,72
2021-03-06,29,234
2021-03-06,39,505
2021-03-06,49,904
2021-03-06,59,2173
2021-03-06,69,4164
2021-03-06,79,5976
2021-03-06,89,7186
2021-03-06,90,3192
2021-03-07,0,24818
2021-03-07,09,32
2021-03-07,19,75
2021-03-07,29,234
2021-03-07,39,507
2021-03-07,49,918
2021-03-07,59,2199
2021-03-07,69,4208
2021-03-07,79,6028
2021-03-07,89,7229
2021-03-07,90,3189
2021-03-08,0,25195
2021-03-08,09,35
2021-03-08,19,80
2021-03-08,29,246
2021-03-08,39,519
2021-03-08,49,956
2021-03-08,59,2247
2021-03-08,69,4303
2021-03-08,79,6155
2021-03-08,89,7243
2021-03-08,90,3215
2021-03-09,0,25201
2021-03-09,09,27
2021-03-09,19,85
2021-03-09,29,233
2021-03-09,39,521
2021-03-09,49,995
2021-03-09,59,2261
2021-03-09,69,4334
2021-03-09,79,6180
2021-03-09,89,7207
2021-03-09,90,3167
2021-03-10,0,24969
2021-03-10,09,28
2021-03-10,19,80
2021-03-10,29,231
2021-03-10,39,525
2021-03-10,49,978
2021-03-10,59,2230
2021-03-10,69,4378
2021-03-10,79,6155
2021-03-10,89,7081
2021-03-10,90,3091
2021-03-11,0,24858
2021-03-11,09,29
2021-03-11,19,77
2021-03-11,29,238
2021-03-11,39,518
2021-03-11,49,969
2021-03-11,59,2235
2021-03-11,69,4379
2021-03-11,79,6132
2021-03-11,89,7066
2021-03-11,90,3027
2021-03-12,0,24749
2021-03-12,09,33
2021-03-12,19,79
2021-03-12,29,243
2021-03-12,39,526
2021-03-12,49,974
2021-03-12,59,2234
2021-03-12,69,4358
2021-03-12,79,6114
2021-03-12,89,7025
2021-03-12,90,2972
2021-03-13,0,24671
2021-03-13,09,32
2021-03-13,19,75
2021-03-13,29,248
2021-03-13,39,516
2021-03-13,49,982
2021-03-13,59,2217
2021-03-13,69,4354
2021-03-13,79,6119
2021-03-13,89,6955
2021-03-13,90,2978
2021-03-14,0,24989
2021-03-14,09,30
2021-03-14,19,74
2021-03-14,29,257
2021-03-14,39,532
2021-03-14,49,1009
2021-03-14,59,2274
2021-03-14,69,4418
2021-03-14,79,6189
2021-03-14,89,6989
2021-03-14,90,3007
2021-03-15,0,25469
2021-03-15,09,39
2021-03-15,19,71
2021-03-15,29,278
2021-03-15,39,530
2021-03-15,49,1059
2021-03-15,59,2388
2021-03-15,69,4524
2021-03-15,79,6283
2021-03-15,89,7071
2021-03-15,90,3023
2021-03-16,0,25492
2021-03-16,09,41
2021-03-16,19,70
2021-03-16,29,278
2021-03-16,39,543
2021-03-16,49,1089
2021-03-16,59,2401
2021-03-16,69,4544
2021-03-16,79,6308
2021-03-16,89,7030
2021-03-16,90,2988
2021-03-17,0,25314
2021-03-17,09,40
2021-03-17,19,69
2021-03-17,29,262
2021-03-17,39,545
2021-03-17,49,1101
2021-03-17,59,2427
2021-03-17,69,4530
2021-03-17,79,6283
2021-03-17,89,6920
2021-03-17,90,2944
2021-03-18,0,25389
2021-03-18,09,46
2021-03-18,19,74
2021-03-18,29,269
2021-03-18,39,553
2021-03-18,49,1118
2021-03-18,59,2490
2021-03-18,69,4565
2021-03-18,79,6285
2021-03-18,89,6880
2021-03-18,90,2927
2021-03-19,0,25339
2021-03-19,09,47
2021-03-19,19,75
2021-03-19,29,263
2021-03-19,39,553
2021-03-19,49,1152
2021-03-19,59,2535
2021-03-19,69,4567
2021-03-19,79,6247
2021-03-19,89,6806
2021-03-19,90,2908
2021-03-20,0,25537
2021-03-20,09,47
2021-03-20,19,71
2021-03-20,29,274
2021-03-20,39,568
2021-03-20,49,1154
2021-03-20,59,2557
2021-03-20,69,4621
2021-03-20,79,6299
2021-03-20,89,6828
2021-03-20,90,2912
2021-03-21,0,25926
2021-03-21,09,46
2021-03-21,19,76
2021-03-21,29,282
2021-03-21,39,588
2021-03-21,49,1157
2021-03-21,59,2634
2021-03-21,69,4711
2021-03-21,79,6369
2021-03-21,89,6908
2021-03-21,90,2941
2021-03-22,0,26488
2021-03-22,09,46
2021-03-22,19,81
2021-03-22,29,284
2021-03-22,39,594
2021-03-22,49,1205
2021-03-22,59,2763
2021-03-22,69,4847
2021-03-22,79,6507
2021-03-22,89,6975
2021-03-22,90,2969
2021-03-23,0,26756
2021-03-23,09,43
2021-03-23,19,74
2021-03-23,29,290
2021-03-23,39,602
2021-03-23,49,1227
2021-03-23,59,2785
2021-03-23,69,4902
2021-03-23,79,6591
2021-03-23,89,7020
2021-03-23,90,3017
2021-03-24,0,26876
2021-03-24,09,44
2021-03-24,19,73
2021-03-24,29,279
2021-03-24,39,613
2021-03-24,49,1234
2021-03-24,59,2814
2021-03-24,69,4933
2021-03-24,79,6604
2021-03-24,89,7051
2021-03-24,90,3022
2021-03-25,0,27036
2021-03-25,09,50
2021-03-25,19,74
2021-03-25,29,282
2021-03-25,39,618
2021-03-25,49,1287
2021-03-25,59,2844
2021-03-25,69,4936
2021-03-25,79,6633
2021-03-25,89,7046
2021-03-25,90,3060
2021-03-26,0,27242
2021-03-26,09,47
2021-03-26,19,82
2021-03-26,29,301
2021-03-26,39,632
2021-03-26,49,1327
2021-03-26,59,2884
2021-03-26,69,5052
2021-03-26,79,6664
2021-03-26,89,7014
2021-03-26,90,3023
2021-03-27,0,27259
2021-03-27,09,52
2021-03-27,19,74
2021-03-27,29,293
2021-03-27,39,643
2021-03-27,49,1304
2021-03-27,59,2887
2021-03-27,69,5073
2021-03-27,79,6627
2021-03-27,89,7056
2021-03-27,90,3024
2021-03-28,0,27712
2021-03-28,09,46
2021-03-28,19,78
2021-03-28,29,313
2021-03-28,39,674
2021-03-28,49,1349
2021-03-28,59,2958
2021-03-28,69,5144
2021-03-28,79,6724
2021-03-28,89,7113
2021-03-28,90,3075
2021-03-29,0,28322
2021-03-29,09,46
2021-03-29,19,78
2021-03-29,29,324
2021-03-29,39,680
2021-03-29,49,1407
2021-03-29,59,3052
2021-03-29,69,5299
2021-03-29,79,6851
2021-03-29,89,7211
2021-03-29,90,3124
2021-03-30,0,28510
2021-03-30,09,45
2021-03-30,19,83
2021-03-30,29,321
2021-03-30,39,680
2021-03-30,49,1423
2021-03-30,59,3091
2021-03-30,69,5361
2021-03-30,79,6886
2021-03-30,89,7209
2021-03-30,90,3149
2021-03-31,0,28463
2021-03-31,09,40
2021-03-31,19,92
2021-03-31,29,312
2021-03-31,39,681
2021-03-31,49,1421
2021-03-31,59,3111
2021-03-31,69,5359
2021-03-31,79,6887
2021-03-31,89,7176
2021-03-31,90,3138
2021-04-01,0,28581
2021-04-01,09,41
2021-04-01,19,90
2021-04-01,29,313
2021-04-01,39,705
2021-04-01,49,1437
2021-04-01,59,3119
2021-04-01,69,5365
2021-04-01,79,6914
2021-04-01,89,7213
2021-04-01,90,3134
2021-04-02,0,28729
2021-04-02,09,44
2021-04-02,19,94
2021-04-02,29,319
2021-04-02,39,718
2021-04-02,49,1465
2021-04-02,59,3149
2021-04-02,69,5441
2021-04-02,79,6923
2021-04-02,89,7200
2021-04-02,90,3121
2021-04-03,0,28886
2021-04-03,09,48
2021-04-03,19,95
2021-04-03,29,311
2021-04-03,39,710
2021-04-03,49,1498
2021-04-03,59,3177
2021-04-03,69,5438
2021-04-03,79,6982
2021-04-03,89,7226
2021-04-03,90,3141
2021-04-04,0,29356
2021-04-04,09,46
2021-04-04,19,88
2021-04-04,29,318
2021-04-04,39,739
2021-04-04,49,1544
2021-04-04,59,3255
2021-04-04,69,5569
2021-04-04,79,7066
2021-04-04,89,7296
2021-04-04,90,3183
2021-04-05,0,29907
2021-04-05,09,50
2021-04-05,19,98
2021-04-05,29,335
2021-04-05,39,772
2021-04-05,49,1599
2021-04-05,59,3328
2021-04-05,69,5676
2021-04-05,79,7177
2021-04-05,89,7396
2021-04-05,90,3212
2021-04-06,0,30639
2021-04-06,09,57
2021-04-06,19,106
2021-04-06,29,349
2021-04-06,39,800
2021-04-06,49,1650
2021-04-06,59,3472
2021-04-06,69,5867
2021-04-06,79,7317
2021-04-06,89,7514
2021-04-06,90,3250
2021-04-07,0,30904
2021-04-07,09,56
2021-04-07,19,106
2021-04-07,29,344
2021-04-07,39,795
2021-04-07,49,1696
2021-04-07,59,3470
2021-04-07,69,5962
2021-04-07,79,7368
2021-04-07,89,7599
2021-04-07,90,3261
2021-04-08,0,30555
2021-04-08,09,48
2021-04-08,19,99
2021-04-08,29,339
2021-04-08,39,807
2021-04-08,49,1667
2021-04-08,59,3454
2021-04-08,69,5918
2021-04-08,79,7285
2021-04-08,89,7505
2021-04-08,90,3198
2021-04-09,0,30326
2021-04-09,09,47
2021-04-09,19,97
2021-04-09,29,350
2021-04-09,39,770
2021-04-09,49,1672
2021-04-09,59,3468
2021-04-09,69,5881
2021-04-09,79,7187
2021-04-09,89,7393
2021-04-09,90,3202
2021-04-10,0,30238
2021-04-10,09,47
2021-04-10,19,98
2021-04-10,29,352
2021-04-10,39,765
2021-04-10,49,1664
2021-04-10,59,3445
2021-04-10,69,5841
2021-04-10,79,7186
2021-04-10,89,7366
2021-04-10,90,3195
2021-04-11,0,30671
2021-04-11,09,48
2021-04-11,19,102
2021-04-11,29,369
2021-04-11,39,797
2021-04-11,49,1693
2021-04-11,59,3521
2021-04-11,69,5934
2021-04-11,79,7274
2021-04-11,89,7444
2021-04-11,90,3201
2021-04-12,0,31262
2021-04-12,09,46
2021-04-12,19,103
2021-04-12,29,382
2021-04-12,39,825
2021-04-12,49,1728
2021-04-12,59,3632
2021-04-12,69,6099
2021-04-12,79,7412
2021-04-12,89,7534
2021-04-12,90,3209
2021-04-13,0,31226
2021-04-13,09,52
2021-04-13,19,104
2021-04-13,29,368
2021-04-13,39,840
2021-04-13,49,1683
2021-04-13,59,3669
2021-04-13,69,6077
2021-04-13,79,7430
2021-04-13,89,7527
2021-04-13,90,3207
2021-04-14,0,30868
2021-04-14,09,51
2021-04-14,19,96
2021-04-14,29,348
2021-04-14,39,793
2021-04-14,49,1653
2021-04-14,59,3648
2021-04-14,69,5946
2021-04-14,79,7382
2021-04-14,89,7493
2021-04-14,90,3194
2021-04-15,0,30668
2021-04-15,09,45
2021-04-15,19,95
2021-04-15,29,338
2021-04-15,39,776
2021-04-15,49,1638
2021-04-15,59,3630
2021-04-15,69,5892
2021-04-15,79,7318
2021-04-15,89,7478
2021-04-15,90,3202
2021-04-16,0,30472
2021-04-16,09,54
2021-04-16,19,91
2021-04-16,29,337
2021-04-16,39,762
2021-04-16,49,1615
2021-04-16,59,3612
2021-04-16,69,5883
2021-04-16,79,7259
2021-04-16,89,7401
2021-04-16,90,3199
2021-04-17,0,30329
2021-04-17,09,49
2021-04-17,19,95
2021-04-17,29,343
2021-04-17,39,778
2021-04-17,49,1606
2021-04-17,59,3581
2021-04-17,69,5844
2021-04-17,79,7223
2021-04-17,89,7338
2021-04-17,90,3211
2021-04-18,0,30789
2021-04-18,09,49
2021-04-18,19,93
2021-04-18,29,359
2021-04-18,39,798
2021-04-18,49,1639
2021-04-18,59,3656
2021-04-18,69,5946
2021-04-18,79,7324
2021-04-18,89,7427
2021-04-18,90,3231
2021-04-19,0,31214
2021-04-19,09,49
2021-04-19,19,97
2021-04-19,29,378
2021-04-19,39,799
2021-04-19,49,1701
2021-04-19,59,3753
2021-04-19,69,6069
2021-04-19,79,7397
2021-04-19,89,7455
2021-04-19,90,3254
2021-04-20,0,31086
2021-04-20,09,53
2021-04-20,19,94
2021-04-20,29,373
2021-04-20,39,780
2021-04-20,49,1713
2021-04-20,59,3750
2021-04-20,69,6062
2021-04-20,79,7389
2021-04-20,89,7399
2021-04-20,90,3213
2021-04-21,0,30954
2021-04-21,09,55
2021-04-21,19,94
2021-04-21,29,376
2021-04-21,39,776
2021-04-21,49,1702
2021-04-21,59,3729
2021-04-21,69,6023
2021-04-21,79,7400
2021-04-21,89,7309
2021-04-21,90,3218
2021-04-22,0,30634
2021-04-22,09,48
2021-04-22,19,88
2021-04-22,29,390
2021-04-22,39,772
2021-04-22,49,1688
2021-04-22,59,3723
2021-04-22,69,5978
2021-04-22,79,7317
2021-04-22,89,7172
2021-04-22,90,3191
2021-04-23,0,30438
2021-04-23,09,52
2021-04-23,19,87
2021-04-23,29,390
2021-04-23,39,754
2021-04-23,49,1705
2021-04-23,59,3735
2021-04-23,69,5933
2021-04-23,79,7241
2021-04-23,89,7094
2021-04-23,90,3186
2021-04-24,0,30100
2021-04-24,09,47
2021-04-24,19,86
2021-04-24,29,379
2021-04-24,39,742
2021-04-24,49,1660
2021-04-24,59,3675
2021-04-24,69,5819
2021-04-24,79,7207
2021-04-24,89,7022
2021-04-24,90,3198
2021-04-25,0,30287
2021-04-25,09,46
2021-04-25,19,90
2021-04-25,29,369
2021-04-25,39,745
2021-04-25,49,1688
2021-04-25,59,3709
2021-04-25,69,5863
2021-04-25,79,7255
2021-04-25,89,7036
2021-04-25,90,3221
2021-04-26,0,30596
2021-04-26,09,43
2021-04-26,19,97
2021-04-26,29,356
2021-04-26,39,769
2021-04-26,49,1740
2021-04-26,59,3767
2021-04-26,69,5969
2021-04-26,79,7310
2021-04-26,89,7064
2021-04-26,90,3215
2021-04-27,0,30281
2021-04-27,09,47
2021-04-27,19,95
2021-04-27,29,347
2021-04-27,39,757
2021-04-27,49,1689
2021-04-27,59,3732
2021-04-27,69,5890
2021-04-27,79,7228
2021-04-27,89,7006
2021-04-27,90,3216
2021-04-28,0,29911
2021-04-28,09,49
2021-04-28,19,89
2021-04-28,29,343
2021-04-28,39,751
2021-04-28,49,1644
2021-04-28,59,3679
2021-04-28,69,5879
2021-04-28,79,7125
2021-04-28,89,6938
2021-04-28,90,3147
2021-04-29,0,29487
2021-04-29,09,45
2021-04-29,19,94
2021-04-29,29,348
2021-04-29,39,756
2021-04-29,49,1619
2021-04-29,59,3584
2021-04-29,69,5818
2021-04-29,79,7054
2021-04-29,89,6832
2021-04-29,90,3079
2021-04-30,0,28930
2021-04-30,09,45
2021-04-30,19,86
2021-04-30,29,346
2021-04-30,39,747
2021-04-30,49,1599
2021-04-30,59,3523
2021-04-30,69,5727
2021-04-30,79,6911
2021-04-30,89,6656
2021-04-30,90,3021
2021-05-01,0,28603
2021-05-01,09,43
2021-05-01,19,99
2021-05-01,29,336
2021-05-01,39,725
2021-05-01,49,1593
2021-05-01,59,3485
2021-05-01,69,5666
2021-05-01,79,6809
2021-05-01,89,6581
2021-05-01,90,3006
2021-05-02,0,28818
2021-05-02,09,43
2021-05-02,19,99
2021-05-02,29,341
2021-05-02,39,746
2021-05-02,49,1640
2021-05-02,59,3517
2021-05-02,69,5704
2021-05-02,79,6826
2021-05-02,89,6615
2021-05-02,90,3027
2021-05-03,0,28950
2021-05-03,09,51
2021-05-03,19,98
2021-05-03,29,349
2021-05-03,39,739
2021-05-03,49,1692
2021-05-03,59,3573
2021-05-03,69,5748
2021-05-03,79,6830
2021-05-03,89,6617
2021-05-03,90,2996
2021-05-04,0,28427
2021-05-04,09,48
2021-05-04,19,99
2021-05-04,29,341
2021-05-04,39,715
2021-05-04,49,1645
2021-05-04,59,3460
2021-05-04,69,5671
2021-05-04,79,6729
2021-05-04,89,6531
2021-05-04,90,2940
2021-05-05,0,27686
2021-05-05,09,53
2021-05-05,19,100
2021-05-05,29,332
2021-05-05,39,677
2021-05-05,49,1559
2021-05-05,59,3373
2021-05-05,69,5515
2021-05-05,79,6571
2021-05-05,89,6354
2021-05-05,90,2901
2021-05-06,0,26985
2021-05-06,09,60
2021-05-06,19,98
2021-05-06,29,321
2021-05-06,39,669
2021-05-06,49,1508
2021-05-06,59,3269
2021-05-06,69,5397
2021-05-06,79,6425
2021-05-06,89,6167
2021-05-06,90,2829
2021-05-07,0,26331
2021-05-07,09,62
2021-05-07,19,106
2021-05-07,29,318
2021-05-07,39,647
2021-05-07,49,1502
2021-05-07,59,3196
2021-05-07,69,5241
2021-05-07,79,6262
2021-05-07,89,6034
2021-05-07,90,2742
2021-05-08,0,25800
2021-05-08,09,62
2021-05-08,19,99
2021-05-08,29,312
2021-05-08,39,637
2021-05-08,49,1467
2021-05-08,59,3102
2021-05-08,69,5102
2021-05-08,79,6131
2021-05-08,89,5929
2021-05-08,90,2733
2021-05-09,0,25797
2021-05-09,09,58
2021-05-09,19,100
2021-05-09,29,313
2021-05-09,39,652
2021-05-09,49,1465
2021-05-09,59,3094
2021-05-09,69,5087
2021-05-09,79,6139
2021-05-09,89,5929
2021-05-09,90,2740
2021-05-10,0,25666
2021-05-10,09,52
2021-05-10,19,103
2021-05-10,29,318
2021-05-10,39,655
2021-05-10,49,1472
2021-05-10,59,3124
2021-05-10,69,5081
2021-05-10,79,6082
2021-05-10,89,5864
2021-05-10,90,2700
2021-05-11,0,25028
2021-05-11,09,52
2021-05-11,19,104
2021-05-11,29,308
2021-05-11,39,621
2021-05-11,49,1424
2021-05-11,59,3044
2021-05-11,69,4940
2021-05-11,79,5967
2021-05-11,89,5739
2021-05-11,90,2626
2021-05-12,0,24254
2021-05-12,09,49
2021-05-12,19,97
2021-05-12,29,287
2021-05-12,39,594
2021-05-12,49,1353
2021-05-12,59,2960
2021-05-12,69,4751
2021-05-12,79,5768
2021-05-12,89,5637
2021-05-12,90,2554
2021-05-13,0,23656
2021-05-13,09,47
2021-05-13,19,94
2021-05-13,29,283
2021-05-13,39,569
2021-05-13,49,1306
2021-05-13,59,2868
2021-05-13,69,4598
2021-05-13,79,5635
2021-05-13,89,5520
2021-05-13,90,2528
2021-05-14,0,23406
2021-05-14,09,43
2021-05-14,19,90
2021-05-14,29,284
2021-05-14,39,572
2021-05-14,49,1274
2021-05-14,59,2847
2021-05-14,69,4547
2021-05-14,79,5581
2021-05-14,89,5452
2021-05-14,90,2512
2021-05-15,0,22950
2021-05-15,09,43
2021-05-15,19,85
2021-05-15,29,269
2021-05-15,39,560
2021-05-15,49,1244
2021-05-15,59,2768
2021-05-15,69,4461
2021-05-15,79,5461
2021-05-15,89,5375
2021-05-15,90,2481
2021-05-16,0,22963
2021-05-16,09,42
2021-05-16,19,81
2021-05-16,29,269
2021-05-16,39,564
2021-05-16,49,1250
2021-05-16,59,2752
2021-05-16,69,4471
2021-05-16,79,5463
2021-05-16,89,5378
2021-05-16,90,2485
2021-05-17,0,22749
2021-05-17,09,37
2021-05-17,19,77
2021-05-17,29,269
2021-05-17,39,575
2021-05-17,49,1247
2021-05-17,59,2744
2021-05-17,69,4465
2021-05-17,79,5391
2021-05-17,89,5323
2021-05-17,90,2422
2021-05-18,0,22058
2021-05-18,09,39
2021-05-18,19,68
2021-05-18,29,268
2021-05-18,39,552
2021-05-18,49,1195
2021-05-18,59,2632
2021-05-18,69,4332
2021-05-18,79,5232
2021-05-18,89,5168
2021-05-18,90,2385
2021-05-19,0,21347
2021-05-19,09,37
2021-05-19,19,71
2021-05-19,29,269
2021-05-19,39,539
2021-05-19,49,1128
2021-05-19,59,2534
2021-05-19,69,4168
2021-05-19,79,5072
2021-05-19,89,5038
2021-05-19,90,2315
2021-05-20,0,20750
2021-05-20,09,40
2021-05-20,19,71
2021-05-20,29,252
2021-05-20,39,520
2021-05-20,49,1103
2021-05-20,59,2438
2021-05-20,69,4065
2021-05-20,79,4960
2021-05-20,89,4879
2021-05-20,90,2253
2021-05-21,0,20209
2021-05-21,09,49
2021-05-21,19,84
2021-05-21,29,251
2021-05-21,39,490
2021-05-21,49,1088
2021-05-21,59,2370
2021-05-21,69,3950
2021-05-21,79,4838
2021-05-21,89,4741
2021-05-21,90,2186
2021-05-22,0,19765
2021-05-22,09,46
2021-05-22,19,81
2021-05-22,29,249
2021-05-22,39,476
2021-05-22,49,1044
2021-05-22,59,2327
2021-05-22,69,3868
2021-05-22,79,4737
2021-05-22,89,4631
2021-05-22,90,2149
2021-05-23,0,19720
2021-05-23,09,48
2021-05-23,19,78
2021-05-23,29,245
2021-05-23,39,468
2021-05-23,49,1054
2021-05-23,59,2317
2021-05-23,69,3851
2021-05-23,79,4718
2021-05-23,89,4649
2021-05-23,90,2132
2021-05-24,0,19701
2021-05-24,09,47
2021-05-24,19,85
2021-05-24,29,242
2021-05-24,39,485
2021-05-24,49,1061
2021-05-24,59,2305
2021-05-24,69,3857
2021-05-24,79,4705
2021-05-24,89,4622
2021-05-24,90,2126
2021-05-25,0,19430
2021-05-25,09,48
2021-05-25,19,84
2021-05-25,29,240
2021-05-25,39,500
2021-05-25,49,1073
2021-05-25,59,2297
2021-05-25,69,3816
2021-05-25,79,4635
2021-05-25,89,4515
2021-05-25,90,2060
2021-05-26,0,18593
2021-05-26,09,45
2021-05-26,19,70
2021-05-26,29,232
2021-05-26,39,474
2021-05-26,49,1051
2021-05-26,59,2187
2021-05-26,69,3687
2021-05-26,79,4439
2021-05-26,89,4307
2021-05-26,90,1951
2021-05-27,0,17941
2021-05-27,09,43
2021-05-27,19,67
2021-05-27,29,222
2021-05-27,39,459
2021-05-27,49,993
2021-05-27,59,2113
2021-05-27,69,3556
2021-05-27,79,4305
2021-05-27,89,4157
2021-05-27,90,1882
2021-05-28,0,17272
2021-05-28,09,45
2021-05-28,19,65
2021-05-28,29,217
2021-05-28,39,446
2021-05-28,49,955
2021-05-28,59,2044
2021-05-28,69,3425
2021-05-28,79,4134
2021-05-28,89,3998
2021-05-28,90,1807
2021-05-29,0,16847
2021-05-29,09,41
2021-05-29,19,61
2021-05-29,29,220
2021-05-29,39,431
2021-05-29,49,943
2021-05-29,59,1984
2021-05-29,69,3340
2021-05-29,79,4048
2021-05-29,89,3882
2021-05-29,90,1759
2021-05-30,0,16775
2021-05-30,09,39
2021-05-30,19,64
2021-05-30,29,215
2021-05-30,39,431
2021-05-30,49,932
2021-05-30,59,1980
2021-05-30,69,3324
2021-05-30,79,4032
2021-05-30,89,3864
2021-05-30,90,1754
2021-05-31,0,16596
2021-05-31,09,38
2021-05-31,19,66
2021-05-31,29,218
2021-05-31,39,429
2021-05-31,49,934
2021-05-31,59,1986
2021-05-31,69,3288
2021-05-31,79,3970
2021-05-31,89,3810
2021-05-31,90,1723
2021-06-01,0,16088
2021-06-01,09,29
2021-06-01,19,67
2021-06-01,29,202
2021-06-01,39,410
2021-06-01,49,900
2021-06-01,59,1928
2021-06-01,69,3190
2021-06-01,79,3852
2021-06-01,89,3713
2021-06-01,90,1672
2021-06-02,0,15638
2021-06-02,09,26
2021-06-02,19,71
2021-06-02,29,196
2021-06-02,39,405
2021-06-02,49,894
2021-06-02,59,1886
2021-06-02,69,3127
2021-06-02,79,3731
2021-06-02,89,3588
2021-06-02,90,1593
2021-06-03,0,15283
2021-06-03,09,29
2021-06-03,19,72
2021-06-03,29,193
2021-06-03,39,419
2021-06-03,49,886
2021-06-03,59,1847
2021-06-03,69,3051
2021-06-03,79,3618
2021-06-03,89,3511
2021-06-03,90,1541
2021-06-04,0,14801
2021-06-04,09,25
2021-06-04,19,67
2021-06-04,29,192
2021-06-04,39,405
2021-06-04,49,859
2021-06-04,59,1812
2021-06-04,69,2948
2021-06-04,79,3502
2021-06-04,89,3423
2021-06-04,90,1460
2021-06-05,0,14532
2021-06-05,09,26
2021-06-05,19,66
2021-06-05,29,189
2021-06-05,39,403
2021-06-05,49,852
2021-06-05,59,1744
2021-06-05,69,2888
2021-06-05,79,3459
2021-06-05,89,3361
2021-06-05,90,1439
2021-06-06,0,14525
2021-06-06,09,26
2021-06-06,19,67
2021-06-06,29,190
2021-06-06,39,403
2021-06-06,49,841
2021-06-06,59,1745
2021-06-06,69,2886
2021-06-06,79,3447
2021-06-06,89,3371
2021-06-06,90,1445
2021-06-07,0,14323
2021-06-07,09,26
2021-06-07,19,69
2021-06-07,29,196
2021-06-07,39,396
2021-06-07,49,815
2021-06-07,59,1737
2021-06-07,69,2829
2021-06-07,79,3403
2021-06-07,89,3321
2021-06-07,90,1427
2021-06-08,0,13984
2021-06-08,09,24
2021-06-08,19,73
2021-06-08,29,183
2021-06-08,39,390
2021-06-08,49,784
2021-06-08,59,1696
2021-06-08,69,2784
2021-06-08,79,3303
2021-06-08,89,3243
2021-06-08,90,1406
2021-06-09,0,13526
2021-06-09,09,23
2021-06-09,19,65
2021-06-09,29,181
2021-06-09,39,373
2021-06-09,49,732
2021-06-09,59,1642
2021-06-09,69,2717
2021-06-09,79,3216
2021-06-09,89,3122
2021-06-09,90,1360
2021-06-10,0,13090
2021-06-10,09,22
2021-06-10,19,66
2021-06-10,29,176
2021-06-10,39,351
2021-06-10,49,701
2021-06-10,59,1562
2021-06-10,69,2637
2021-06-10,79,3136
2021-06-10,89,3023
2021-06-10,90,1328
2021-06-11,0,12712
2021-06-11,09,28
2021-06-11,19,66
2021-06-11,29,177
2021-06-11,39,332
2021-06-11,49,702
2021-06-11,59,1519
2021-06-11,69,2552
2021-06-11,79,3041
2021-06-11,89,2930
2021-06-11,90,1278
2021-06-12,0,12496
2021-06-12,09,28
2021-06-12,19,64
2021-06-12,29,168
2021-06-12,39,336
2021-06-12,49,685
2021-06-12,59,1484
2021-06-12,69,2509
2021-06-12,79,2990
2021-06-12,89,2881
2021-06-12,90,1263
2021-06-13,0,12480
2021-06-13,09,30
2021-06-13,19,63
2021-06-13,29,169
2021-06-13,39,338
2021-06-13,49,679
2021-06-13,59,1474
2021-06-13,69,2501
2021-06-13,79,2996
2021-06-13,89,2876
2021-06-13,90,1267
2021-06-14,0,12374
2021-06-14,09,28
2021-06-14,19,60
2021-06-14,29,176
2021-06-14,39,345
2021-06-14,49,689
2021-06-14,59,1468
2021-06-14,69,2469
2021-06-14,79,2957
2021-06-14,89,2836
2021-06-14,90,1263
2021-06-15,0,11895
2021-06-15,09,28
2021-06-15,19,57
2021-06-15,29,158
2021-06-15,39,307
2021-06-15,49,655
2021-06-15,59,1407
2021-06-15,69,2393
2021-06-15,79,2858
2021-06-15,89,2741
2021-06-15,90,1211
2021-06-16,0,11519
2021-06-16,09,25
2021-06-16,19,57
2021-06-16,29,151
2021-06-16,39,300
2021-06-16,49,628
2021-06-16,59,1369
2021-06-16,69,2330
2021-06-16,79,2775
2021-06-16,89,2631
2021-06-16,90,1173
2021-06-17,0,11114
2021-06-17,09,25
2021-06-17,19,56
2021-06-17,29,139
2021-06-17,39,276
2021-06-17,49,588
2021-06-17,59,1322
2021-06-17,69,2243
2021-06-17,79,2684
2021-06-17,89,2556
2021-06-17,90,1149
2021-06-18,0,10738
2021-06-18,09,22
2021-06-18,19,55
2021-06-18,29,131
2021-06-18,39,273
2021-06-18,49,557
2021-06-18,59,1284
2021-06-18,69,2180
2021-06-18,79,2585
2021-06-18,89,2467
2021-06-18,90,1112
2021-06-19,0,10531
2021-06-19,09,20
2021-06-19,19,53
2021-06-19,29,131
2021-06-19,39,255
2021-06-19,49,540
2021-06-19,59,1260
2021-06-19,69,2137
2021-06-19,79,2557
2021-06-19,89,2419
2021-06-19,90,1090
2021-06-20,0,10518
2021-06-20,09,21
2021-06-20,19,51
2021-06-20,29,136
2021-06-20,39,255
2021-06-20,49,538
2021-06-20,59,1254
2021-06-20,69,2137
2021-06-20,79,2548
2021-06-20,89,2423
2021-06-20,90,1087
2021-06-21,0,10386
2021-06-21,09,21
2021-06-21,19,50
2021-06-21,29,138
2021-06-21,39,249
2021-06-21,49,536
2021-06-21,59,1240
2021-06-21,69,2132
2021-06-21,79,2502
2021-06-21,89,2386
2021-06-21,90,1067
2021-06-22,0,10046
2021-06-22,09,22
2021-06-22,19,44
2021-06-22,29,139
2021-06-22,39,228
2021-06-22,49,512
2021-06-22,59,1197
2021-06-22,69,2063
2021-06-22,79,2429
2021-06-22,89,2316
2021-06-22,90,1032
2021-06-23,0,9771
2021-06-23,09,20
2021-06-23,19,48
2021-06-23,29,132
2021-06-23,39,228
2021-06-23,49,508
2021-06-23,59,1158
2021-06-23,69,2001
2021-06-23,79,2358
2021-06-23,89,2247
2021-06-23,90,1007
2021-06-24,0,9392
2021-06-24,09,19
2021-06-24,19,48
2021-06-24,29,118
2021-06-24,39,226
2021-06-24,49,483
2021-06-24,59,1124
2021-06-24,69,1928
2021-06-24,79,2276
2021-06-24,89,2137
2021-06-24,90,974
2021-06-25,0,9190
2021-06-25,09,16
2021-06-25,19,47
2021-06-25,29,122
2021-06-25,39,217
2021-06-25,49,472
2021-06-25,59,1096
2021-06-25,69,1882
2021-06-25,79,2221
2021-06-25,89,2098
2021-06-25,90,961
2021-06-26,0,9024
2021-06-26,09,15
2021-06-26,19,44
2021-06-26,29,116
2021-06-26,39,213
2021-06-26,49,456
2021-06-26,59,1075
2021-06-26,69,1850
2021-06-26,79,2175
2021-06-26,89,2077
2021-06-26,90,945
2021-06-27,0,8986
2021-06-27,09,14
2021-06-27,19,44
2021-06-27,29,112
2021-06-27,39,214
2021-06-27,49,452
2021-06-27,59,1072
2021-06-27,69,1847
2021-06-27,79,2167
2021-06-27,89,2066
2021-06-27,90,939
2021-06-28,0,8846
2021-06-28,09,13
2021-06-28,19,41
2021-06-28,29,111
2021-06-28,39,203
2021-06-28,49,447
2021-06-28,59,1052
2021-06-28,69,1814
2021-06-28,79,2140
2021-06-28,89,2037
2021-06-28,90,930
2021-06-29,0,8627
2021-06-29,09,14
2021-06-29,19,44
2021-06-29,29,107
2021-06-29,39,192
2021-06-29,49,440
2021-06-29,59,1019
2021-06-29,69,1775
2021-06-29,79,2080
2021-06-29,89,1993
2021-06-29,90,906
2021-06-30,0,8451
2021-06-30,09,18
2021-06-30,19,39
2021-06-30,29,110
2021-06-30,39,191
2021-06-30,49,426
2021-06-30,59,993
2021-06-30,69,1727
2021-06-30,79,2056
2021-06-30,89,1958
2021-06-30,90,877
2021-07-01,0,8232
2021-07-01,09,18
2021-07-01,19,41
2021-07-01,29,106
2021-07-01,39,186
2021-07-01,49,415
2021-07-01,59,958
2021-07-01,69,1666
2021-07-01,79,2012
2021-07-01,89,1919
2021-07-01,90,852
2021-07-02,0,8044
2021-07-02,09,17
2021-07-02,19,40
2021-07-02,29,107
2021-07-02,39,189
2021-07-02,49,410
2021-07-02,59,925
2021-07-02,69,1613
2021-07-02,79,1965
2021-07-02,89,1889
2021-07-02,90,834
2021-07-03,0,7912
2021-07-03,09,16
2021-07-03,19,40
2021-07-03,29,110
2021-07-03,39,188
2021-07-03,49,408
2021-07-03,59,901
2021-07-03,69,1591
2021-07-03,79,1929
2021-07-03,89,1848
2021-07-03,90,827
2021-07-04,0,7913
2021-07-04,09,15
2021-07-04,19,41
2021-07-04,29,112
2021-07-04,39,192
2021-07-04,49,410
2021-07-04,59,897
2021-07-04,69,1595
2021-07-04,79,1930
2021-07-04,89,1840
2021-07-04,90,827
2021-07-05,0,7806
2021-07-05,09,14
2021-07-05,19,40
2021-07-05,29,106
2021-07-05,39,187
2021-07-05,49,402
2021-07-05,59,886
2021-07-05,69,1570
2021-07-05,79,1916
2021-07-05,89,1812
2021-07-05,90,820
2021-07-06,0,7637
2021-07-06,09,13
2021-07-06,19,38
2021-07-06,29,106
2021-07-06,39,188
2021-07-06,49,391
2021-07-06,59,879
2021-07-06,69,1528
2021-07-06,79,1882
2021-07-06,89,1768
2021-07-06,90,791
2021-07-07,0,7539
2021-07-07,09,13
2021-07-07,19,32
2021-07-07,29,104
2021-07-07,39,196
2021-07-07,49,388
2021-07-07,59,869
2021-07-07,69,1509
2021-07-07,79,1848
2021-07-07,89,1741
2021-07-07,90,786
2021-07-08,0,7384
2021-07-08,09,15
2021-07-08,19,35
2021-07-08,29,105
2021-07-08,39,184
2021-07-08,49,388
2021-07-08,59,839
2021-07-08,69,1486
2021-07-08,79,1809
2021-07-08,89,1697
2021-07-08,90,774
2021-07-09,0,7275
2021-07-09,09,14
2021-07-09,19,34
2021-07-09,29,106
2021-07-09,39,179
2021-07-09,49,377
2021-07-09,59,826
2021-07-09,69,1480
2021-07-09,79,1766
2021-07-09,89,1687
2021-07-09,90,756
2021-07-10,0,7183
2021-07-10,09,12
2021-07-10,19,36
2021-07-10,29,101
2021-07-10,39,178
2021-07-10,49,372
2021-07-10,59,823
2021-07-10,69,1466
2021-07-10,79,1731
2021-07-10,89,1671
2021-07-10,90,743
2021-07-11,0,7183
2021-07-11,09,12
2021-07-11,19,36
2021-07-11,29,104
2021-07-11,39,177
2021-07-11,49,370
2021-07-11,59,822
2021-07-11,69,1465
2021-07-11,79,1733
2021-07-11,89,1669
2021-07-11,90,745
2021-07-12,0,7137
2021-07-12,09,10
2021-07-12,19,34
2021-07-12,29,110
2021-07-12,39,185
2021-07-12,49,376
2021-07-12,59,833
2021-07-12,69,1452
2021-07-12,79,1712
2021-07-12,89,1642
2021-07-12,90,730
2021-07-13,0,7076
2021-07-13,09,14
2021-07-13,19,36
2021-07-13,29,116
2021-07-13,39,178
2021-07-13,49,371
2021-07-13,59,819
2021-07-13,69,1443
2021-07-13,79,1697
2021-07-13,89,1623
2021-07-13,90,727
2021-07-14,0,7047
2021-07-14,09,12
2021-07-14,19,35
2021-07-14,29,117
2021-07-14,39,176
2021-07-14,49,366
2021-07-14,59,817
2021-07-14,69,1434
2021-07-14,79,1686
2021-07-14,89,1623
2021-07-14,90,727
2021-07-15,0,7054
2021-07-15,09,15
2021-07-15,19,39
2021-07-15,29,124
2021-07-15,39,187
2021-07-15,49,367
2021-07-15,59,828
2021-07-15,69,1422
2021-07-15,79,1678
2021-07-15,89,1619
2021-07-15,90,723
2021-07-16,0,6971
2021-07-16,09,13
2021-07-16,19,38
2021-07-16,29,120
2021-07-16,39,196
2021-07-16,49,356
2021-07-16,59,823
2021-07-16,69,1402
2021-07-16,79,1643
2021-07-16,89,1614
2021-07-16,90,716
2021-07-17,0,6922
2021-07-17,09,11
2021-07-17,19,36
2021-07-17,29,121
2021-07-17,39,199
2021-07-17,49,359
2021-07-17,59,812
2021-07-17,69,1388
2021-07-17,79,1629
2021-07-17,89,1608
2021-07-17,90,711
2021-07-18,0,6936
2021-07-18,09,12
2021-07-18,19,37
2021-07-18,29,121
2021-07-18,39,193
2021-07-18,49,360
2021-07-18,59,821
2021-07-18,69,1387
2021-07-18,79,1632
2021-07-18,89,1612
2021-07-18,90,713
2021-07-19,0,7041
2021-07-19,09,17
2021-07-19,19,35
2021-07-19,29,141
2021-07-19,39,219
2021-07-19,49,380
2021-07-19,59,846
2021-07-19,69,1400
2021-07-19,79,1637
2021-07-19,89,1606
2021-07-19,90,713
2021-07-20,0,6912
2021-07-20,09,17
2021-07-20,19,41
2021-07-20,29,147
2021-07-20,39,233
2021-07-20,49,373
2021-07-20,59,842
2021-07-20,69,1357
2021-07-20,79,1601
2021-07-20,89,1558
2021-07-20,90,698
2021-07-21,0,6869
2021-07-21,09,15
2021-07-21,19,46
2021-07-21,29,149
2021-07-21,39,227
2021-07-21,49,374
2021-07-21,59,857
2021-07-21,69,1336
2021-07-21,79,1577
2021-07-21,89,1548
2021-07-21,90,693
2021-07-22,0,6832
2021-07-22,09,17
2021-07-22,19,47
2021-07-22,29,145
2021-07-22,39,242
2021-07-22,49,383
2021-07-22,59,853
2021-07-22,69,1324
2021-07-22,79,1556
2021-07-22,89,1527
2021-07-22,90,690
2021-07-23,0,6802
2021-07-23,09,14
2021-07-23,19,45
2021-07-23,29,151
2021-07-23,39,241
2021-07-23,49,395
2021-07-23,59,858
2021-07-23,69,1319
2021-07-23,79,1542
2021-07-23,89,1508
2021-07-23,90,682
2021-07-24,0,6787
2021-07-24,09,18
2021-07-24,19,46
2021-07-24,29,154
2021-07-24,39,232
2021-07-24,49,401
2021-07-24,59,856
2021-07-24,69,1314
2021-07-24,79,1550
2021-07-24,89,1499
2021-07-24,90,673
2021-07-25,0,6843
2021-07-25,09,20
2021-07-25,19,47
2021-07-25,29,160
2021-07-25,39,238
2021-07-25,49,411
2021-07-25,59,863
2021-07-25,69,1321
2021-07-25,79,1563
2021-07-25,89,1504
2021-07-25,90,673
2021-07-26,0,7079
2021-07-26,09,21
2021-07-26,19,49
2021-07-26,29,175
2021-07-26,39,278
2021-07-26,49,432
2021-07-26,59,924
2021-07-26,69,1364
2021-07-26,79,1586
2021-07-26,89,1512
2021-07-26,90,693
2021-07-27,0,7137
2021-07-27,09,28
2021-07-27,19,50
2021-07-27,29,177
2021-07-27,39,295
2021-07-27,49,436
2021-07-27,59,940
2021-07-27,69,1376
2021-07-27,79,1575
2021-07-27,89,1515
2021-07-27,90,700
2021-07-28,0,7208
2021-07-28,09,32
2021-07-28,19,49
2021-07-28,29,188
2021-07-28,39,317
2021-07-28,49,453
2021-07-28,59,956
2021-07-28,69,1393
2021-07-28,79,1579
2021-07-28,89,1498
2021-07-28,90,699
2021-07-29,0,7236
2021-07-29,09,37
2021-07-29,19,50
2021-07-29,29,184
2021-07-29,39,326
2021-07-29,49,467
2021-07-29,59,964
2021-07-29,69,1401
2021-07-29,79,1574
2021-07-29,89,1499
2021-07-29,90,688
2021-07-30,0,7363
2021-07-30,09,32
2021-07-30,19,54
2021-07-30,29,193
2021-07-30,39,341
2021-07-30,49,510
2021-07-30,59,988
2021-07-30,69,1421
2021-07-30,79,1586
2021-07-30,89,1500
2021-07-30,90,691
2021-07-31,0,7409
2021-07-31,09,33
2021-07-31,19,52
2021-07-31,29,215
2021-07-31,39,365
2021-07-31,49,516
2021-07-31,59,996
2021-07-31,69,1420
2021-07-31,79,1588
2021-07-31,89,1494
2021-07-31,90,680
2021-08-01,0,7581
2021-08-01,09,38
2021-08-01,19,54
2021-08-01,29,233
2021-08-01,39,385
2021-08-01,49,543
2021-08-01,59,1020
2021-08-01,69,1444
2021-08-01,79,1611
2021-08-01,89,1522
2021-08-01,90,686
2021-08-02,0,7840
2021-08-02,09,37
2021-08-02,19,56
2021-08-02,29,239
2021-08-02,39,405
2021-08-02,49,585
2021-08-02,59,1082
2021-08-02,69,1498
2021-08-02,79,1629
2021-08-02,89,1559
2021-08-02,90,704
2021-08-03,0,7974
2021-08-03,09,40
2021-08-03,19,65
2021-08-03,29,252
2021-08-03,39,408
2021-08-03,49,609
2021-08-03,59,1130
2021-08-03,69,1546
2021-08-03,79,1633
2021-08-03,89,1553
2021-08-03,90,689
2021-08-04,0,8134
2021-08-04,09,44
2021-08-04,19,62
2021-08-04,29,248
2021-08-04,39,412
2021-08-04,49,630
2021-08-04,59,1177
2021-08-04,69,1596
2021-08-04,79,1635
2021-08-04,89,1580
2021-08-04,90,699
2021-08-05,0,8210
2021-08-05,09,52
2021-08-05,19,62
2021-08-05,29,251
2021-08-05,39,420
2021-08-05,49,654
2021-08-05,59,1178
2021-08-05,69,1618
2021-08-05,79,1651
2021-08-05,89,1585
2021-08-05,90,685
2021-08-06,0,8368
2021-08-06,09,47
2021-08-06,19,67
2021-08-06,29,256
2021-08-06,39,420
2021-08-06,49,672
2021-08-06,59,1217
2021-08-06,69,1642
2021-08-06,79,1673
2021-08-06,89,1621
2021-08-06,90,702
2021-08-07,0,8425
2021-08-07,09,52
2021-08-07,19,65
2021-08-07,29,258
2021-08-07,39,425
2021-08-07,49,670
2021-08-07,59,1223
2021-08-07,69,1656
2021-08-07,79,1678
2021-08-07,89,1625
2021-08-07,90,717
2021-08-08,0,8685
2021-08-08,09,46
2021-08-08,19,69
2021-08-08,29,262
2021-08-08,39,445
2021-08-08,49,695
2021-08-08,59,1289
2021-08-08,69,1705
2021-08-08,79,1727
2021-08-08,89,1661
2021-08-08,90,716
2021-08-09,0,9022
2021-08-09,09,44
2021-08-09,19,72
2021-08-09,29,268
2021-08-09,39,462
2021-08-09,49,718
2021-08-09,59,1354
2021-08-09,69,1774
2021-08-09,79,1788
2021-08-09,89,1740
2021-08-09,90,738
2021-08-10,0,9153
2021-08-10,09,50
2021-08-10,19,72
2021-08-10,29,272
2021-08-10,39,460
2021-08-10,49,699
2021-08-10,59,1375
2021-08-10,69,1808
2021-08-10,79,1842
2021-08-10,89,1769
2021-08-10,90,745
2021-08-11,0,9233
2021-08-11,09,44
2021-08-11,19,74
2021-08-11,29,274
2021-08-11,39,453
2021-08-11,49,695
2021-08-11,59,1363
2021-08-11,69,1832
2021-08-11,79,1867
2021-08-11,89,1794
2021-08-11,90,771
2021-08-12,0,9465
2021-08-12,09,46
2021-08-12,19,80
2021-08-12,29,276
2021-08-12,39,464
2021-08-12,49,734
2021-08-12,59,1387
2021-08-12,69,1870
2021-08-12,79,1911
2021-08-12,89,1823
2021-08-12,90,786
2021-08-13,0,9546
2021-08-13,09,47
2021-08-13,19,81
2021-08-13,29,265
2021-08-13,39,493
2021-08-13,49,753
2021-08-13,59,1400
2021-08-13,69,1868
2021-08-13,79,1930
2021-08-13,89,1841
2021-08-13,90,779
2021-08-14,0,9648
2021-08-14,09,46
2021-08-14,19,77
2021-08-14,29,272
2021-08-14,39,497
2021-08-14,49,755
2021-08-14,59,1429
2021-08-14,69,1909
2021-08-14,79,1938
2021-08-14,89,1858
2021-08-14,90,781
2021-08-15,0,9798
2021-08-15,09,47
2021-08-15,19,80
2021-08-15,29,279
2021-08-15,39,518
2021-08-15,49,769
2021-08-15,59,1445
2021-08-15,69,1925
2021-08-15,79,1981
2021-08-15,89,1875
2021-08-15,90,797
2021-08-16,0,10151
2021-08-16,09,52
2021-08-16,19,78
2021-08-16,29,279
2021-08-16,39,532
2021-08-16,49,820
2021-08-16,59,1499
2021-08-16,69,1998
2021-08-16,79,2048
2021-08-16,89,1942
2021-08-16,90,826
2021-08-17,0,10219
2021-08-17,09,54
2021-08-17,19,76
2021-08-17,29,263
2021-08-17,39,529
2021-08-17,49,811
2021-08-17,59,1483
2021-08-17,69,2039
2021-08-17,79,2084
2021-08-17,89,1961
2021-08-17,90,838
2021-08-18,0,10336
2021-08-18,09,53
2021-08-18,19,71
2021-08-18,29,268
2021-08-18,39,574
2021-08-18,49,821
2021-08-18,59,1539
2021-08-18,69,2048
2021-08-18,79,2097
2021-08-18,89,1963
2021-08-18,90,838
2021-08-19,0,10392
2021-08-19,09,58
2021-08-19,19,67
2021-08-19,29,273
2021-08-19,39,578
2021-08-19,49,818
2021-08-19,59,1566
2021-08-19,69,2034
2021-08-19,79,2132
2021-08-19,89,1961
2021-08-19,90,841
2021-08-20,0,10515
2021-08-20,09,60
2021-08-20,19,72
2021-08-20,29,278
2021-08-20,39,580
2021-08-20,49,827
2021-08-20,59,1580
2021-08-20,69,2072
2021-08-20,79,2159
2021-08-20,89,1964
2021-08-20,90,859
2021-08-21,0,10463
2021-08-21,09,48
2021-08-21,19,71
2021-08-21,29,283
2021-08-21,39,584
2021-08-21,49,824
2021-08-21,59,1587
2021-08-21,69,2062
2021-08-21,79,2137
2021-08-21,89,1949
2021-08-21,90,849
2021-08-22,0,10651
2021-08-22,09,56
2021-08-22,19,70
2021-08-22,29,279
2021-08-22,39,597
2021-08-22,49,840
2021-08-22,59,1629
2021-08-22,69,2099
2021-08-22,79,2189
2021-08-22,89,1969
2021-08-22,90,858
2021-08-23,0,11007
2021-08-23,09,67
2021-08-23,19,80
2021-08-23,29,295
2021-08-23,39,627
2021-08-23,49,871
2021-08-23,59,1682
2021-08-23,69,2164
2021-08-23,79,2249
2021-08-23,89,2022
2021-08-23,90,887
2021-08-24,0,11066
2021-08-24,09,79
2021-08-24,19,85
2021-08-24,29,301
2021-08-24,39,603
2021-08-24,49,877
2021-08-24,59,1706
2021-08-24,69,2174
2021-08-24,79,2249
2021-08-24,89,2037
2021-08-24,90,899
2021-08-25,0,11171
2021-08-25,09,78
2021-08-25,19,79
2021-08-25,29,300
2021-08-25,39,584
2021-08-25,49,892
2021-08-25,59,1719
2021-08-25,69,2222
2021-08-25,79,2257
2021-08-25,89,2074
2021-08-25,90,909
2021-08-26,0,11104
2021-08-26,09,74
2021-08-26,19,81
2021-08-26,29,293
2021-08-26,39,585
2021-08-26,49,874
2021-08-26,59,1696
2021-08-26,69,2215
2021-08-26,79,2241
2021-08-26,89,2070
2021-08-26,90,913
2021-08-27,0,11162
2021-08-27,09,73
2021-08-27,19,79
2021-08-27,29,301
2021-08-27,39,594
2021-08-27,49,880
2021-08-27,59,1698
2021-08-27,69,2232
2021-08-27,79,2274
2021-08-27,89,2081
2021-08-27,90,895
2021-08-28,0,11052
2021-08-28,09,78
2021-08-28,19,85
2021-08-28,29,298
2021-08-28,39,589
2021-08-28,49,854
2021-08-28,59,1673
2021-08-28,69,2200
2021-08-28,79,2263
2021-08-28,89,2068
2021-08-28,90,890
2021-08-29,0,11092
2021-08-29,09,76
2021-08-29,19,86
2021-08-29,29,306
2021-08-29,39,585
2021-08-29,49,861
2021-08-29,59,1680
2021-08-29,69,2206
2021-08-29,79,2272
2021-08-29,89,2079
2021-08-29,90,885
2021-08-30,0,11245
2021-08-30,09,74
2021-08-30,19,88
2021-08-30,29,308
2021-08-30,39,597
2021-08-30,49,883
2021-08-30,59,1694
2021-08-30,69,2254
2021-08-30,79,2307
2021-08-30,89,2091
2021-08-30,90,894
2021-08-31,0,11120
2021-08-31,09,73
2021-08-31,19,78
2021-08-31,29,304
2021-08-31,39,570
2021-08-31,49,860
2021-08-31,59,1664
2021-08-31,69,2233
2021-08-31,79,2303
2021-08-31,89,2089
2021-08-31,90,894
2021-09-01,0,11119
2021-09-01,09,66
2021-09-01,19,80
2021-09-01,29,303
2021-09-01,39,586
2021-09-01,49,872
2021-09-01,59,1640
2021-09-01,69,2231
2021-09-01,79,2290
2021-09-01,89,2089
2021-09-01,90,911
2021-09-02,0,10934
2021-09-02,09,56
2021-09-02,19,72
2021-09-02,29,306
2021-09-02,39,566
2021-09-02,49,844
2021-09-02,59,1610
2021-09-02,69,2205
2021-09-02,79,2277
2021-09-02,89,2050
2021-09-02,90,899
2021-09-03,0,10816
2021-09-03,09,54
2021-09-03,19,72
2021-09-03,29,301
2021-09-03,39,552
2021-09-03,49,827
2021-09-03,59,1592
2021-09-03,69,2195
2021-09-03,79,2258
2021-09-03,89,2018
2021-09-03,90,893
2021-09-04,0,10654
2021-09-04,09,56
2021-09-04,19,75
2021-09-04,29,287
2021-09-04,39,529
2021-09-04,49,820
2021-09-04,59,1556
2021-09-04,69,2158
2021-09-04,79,2229
2021-09-04,89,2011
2021-09-04,90,886
2021-09-05,0,10644
2021-09-05,09,53
2021-09-05,19,74
2021-09-05,29,284
2021-09-05,39,513
2021-09-05,49,816
2021-09-05,59,1556
2021-09-05,69,2174
2021-09-05,79,2223
2021-09-05,89,2018
2021-09-05,90,885
2021-09-06,0,10757
2021-09-06,09,66
2021-09-06,19,78
2021-09-06,29,276
2021-09-06,39,511
2021-09-06,49,837
2021-09-06,59,1577
2021-09-06,69,2210
2021-09-06,79,2232
2021-09-06,89,2024
2021-09-06,90,892
2021-09-07,0,10646
2021-09-07,09,67
2021-09-07,19,74
2021-09-07,29,275
2021-09-07,39,507
2021-09-07,49,826
2021-09-07,59,1557
2021-09-07,69,2176
2021-09-07,79,2212
2021-09-07,89,2020
2021-09-07,90,881
2021-09-08,0,10438
2021-09-08,09,54
2021-09-08,19,70
2021-09-08,29,267
2021-09-08,39,491
2021-09-08,49,797
2021-09-08,59,1509
2021-09-08,69,2146
2021-09-08,79,2171
2021-09-08,89,2015
2021-09-08,90,864
2021-09-09,0,10323
2021-09-09,09,61
2021-09-09,19,72
2021-09-09,29,263
2021-09-09,39,487
2021-09-09,49,792
2021-09-09,59,1464
2021-09-09,69,2122
2021-09-09,79,2154
2021-09-09,89,1997
2021-09-09,90,862
2021-09-10,0,10115
2021-09-10,09,51
2021-09-10,19,72
2021-09-10,29,268
2021-09-10,39,494
2021-09-10,49,747
2021-09-10,59,1442
2021-09-10,69,2067
2021-09-10,79,2121
2021-09-10,89,1956
2021-09-10,90,849
2021-09-11,0,10018
2021-09-11,09,48
2021-09-11,19,76
2021-09-11,29,272
2021-09-11,39,491
2021-09-11,49,732
2021-09-11,59,1411
2021-09-11,69,2041
2021-09-11,79,2109
2021-09-11,89,1946
2021-09-11,90,847
2021-09-12,0,10012
2021-09-12,09,49
2021-09-12,19,76
2021-09-12,29,266
2021-09-12,39,491
2021-09-12,49,737
2021-09-12,59,1400
2021-09-12,69,2037
2021-09-12,79,2111
2021-09-12,89,1947
2021-09-12,90,854
2021-09-13,0,9986
2021-09-13,09,47
2021-09-13,19,82
2021-09-13,29,265
2021-09-13,39,487
2021-09-13,49,730
2021-09-13,59,1415
2021-09-13,69,2031
2021-09-13,79,2108
2021-09-13,89,1930
2021-09-13,90,848
