reg,date_end_week,type,flask,dose
84,2021-06-13,AstraZeneca,5086,50860
84,2021-06-20,AstraZeneca,6855,68550
84,2021-06-27,AstraZeneca,8203,82030
84,2021-07-04,AstraZeneca,8203,82030
84,2021-07-11,AstraZeneca,8829,88290
84,2021-07-18,AstraZeneca,9322,93220
84,2021-07-25,AstraZeneca,9720,97200
84,2021-08-01,AstraZeneca,11412,114120
84,2021-08-08,AstraZeneca,11412,114120
84,2021-08-15,AstraZeneca,11412,114120
84,2021-08-22,AstraZeneca,11412,114120
84,2021-08-29,AstraZeneca,11412,114120
84,2021-09-05,AstraZeneca,11412,114120
84,2021-09-12,AstraZeneca,11412,114120
27,2021-06-13,AstraZeneca,1915,19150
27,2021-06-20,AstraZeneca,2650,26500
27,2021-06-27,AstraZeneca,3201,32010
27,2021-07-04,AstraZeneca,3201,32010
27,2021-07-11,AstraZeneca,3440,34400
27,2021-07-18,AstraZeneca,3721,37210
27,2021-07-25,AstraZeneca,3938,39380
27,2021-08-01,AstraZeneca,4844,48440
27,2021-08-08,AstraZeneca,4844,48440
27,2021-08-15,AstraZeneca,4844,48440
27,2021-08-22,AstraZeneca,4844,48440
27,2021-08-29,AstraZeneca,4844,48440
27,2021-09-05,AstraZeneca,4844,48440
27,2021-09-12,AstraZeneca,4844,48440
53,2021-06-13,AstraZeneca,2784,27840
53,2021-06-20,AstraZeneca,4188,41880
53,2021-06-27,AstraZeneca,5324,53240
53,2021-07-04,AstraZeneca,5324,53240
53,2021-07-11,AstraZeneca,5873,58730
53,2021-07-18,AstraZeneca,6205,62050
53,2021-07-25,AstraZeneca,6485,64850
53,2021-08-01,AstraZeneca,7605,76050
53,2021-08-08,AstraZeneca,7605,76050
53,2021-08-15,AstraZeneca,7605,76050
53,2021-08-22,AstraZeneca,7605,76050
53,2021-08-29,AstraZeneca,7605,76050
53,2021-09-05,AstraZeneca,7605,76050
53,2021-09-12,AstraZeneca,7605,76050
94,2021-06-13,AstraZeneca,92,920
94,2021-06-20,AstraZeneca,128,1280
94,2021-06-27,AstraZeneca,146,1460
94,2021-07-04,AstraZeneca,146,1460
94,2021-07-11,AstraZeneca,159,1590
94,2021-07-18,AstraZeneca,223,2230
94,2021-07-25,AstraZeneca,263,2630
94,2021-08-01,AstraZeneca,423,4230
94,2021-08-08,AstraZeneca,423,4230
94,2021-08-15,AstraZeneca,423,4230
94,2021-08-22,AstraZeneca,423,4230
94,2021-08-29,AstraZeneca,423,4230
94,2021-09-05,AstraZeneca,423,4230
94,2021-09-12,AstraZeneca,423,4230
24,2021-06-13,AstraZeneca,1728,17280
24,2021-06-20,AstraZeneca,2674,26740
24,2021-06-27,AstraZeneca,3412,34120
24,2021-07-04,AstraZeneca,3412,34120
24,2021-07-11,AstraZeneca,3755,37550
24,2021-07-18,AstraZeneca,4032,40320
24,2021-07-25,AstraZeneca,4240,42400
24,2021-08-01,AstraZeneca,5072,50720
24,2021-08-08,AstraZeneca,5072,50720
24,2021-08-15,AstraZeneca,5072,50720
24,2021-08-22,AstraZeneca,5072,50720
24,2021-08-29,AstraZeneca,5072,50720
24,2021-09-05,AstraZeneca,5072,50720
24,2021-09-12,AstraZeneca,5072,50720
01,2021-06-13,AstraZeneca,0,0
01,2021-06-20,AstraZeneca,0,0
01,2021-06-27,AstraZeneca,0,0
01,2021-07-04,AstraZeneca,0,0
01,2021-07-11,AstraZeneca,0,0
01,2021-07-18,AstraZeneca,0,0
01,2021-07-25,AstraZeneca,0,0
01,2021-08-01,AstraZeneca,0,0
01,2021-08-08,AstraZeneca,0,0
01,2021-08-15,AstraZeneca,0,0
01,2021-08-22,AstraZeneca,0,0
01,2021-08-29,AstraZeneca,0,0
01,2021-09-05,AstraZeneca,0,0
01,2021-09-12,AstraZeneca,0,0
44,2021-06-13,AstraZeneca,3496,34960
44,2021-06-20,AstraZeneca,5007,50070
44,2021-06-27,AstraZeneca,6055,60550
44,2021-07-04,AstraZeneca,6055,60550
44,2021-07-11,AstraZeneca,6568,65680
44,2021-07-18,AstraZeneca,7016,70160
44,2021-07-25,AstraZeneca,7393,73930
44,2021-08-01,AstraZeneca,8901,89010
44,2021-08-08,AstraZeneca,8901,89010
44,2021-08-15,AstraZeneca,8901,89010
44,2021-08-22,AstraZeneca,8901,89010
44,2021-08-29,AstraZeneca,8901,89010
44,2021-09-05,AstraZeneca,8901,89010
44,2021-09-12,AstraZeneca,8901,89010
32,2021-06-13,AstraZeneca,8848,88480
32,2021-06-20,AstraZeneca,10618,106180
32,2021-06-27,AstraZeneca,11885,118850
32,2021-07-04,AstraZeneca,11885,118850
32,2021-07-11,AstraZeneca,12552,125520
32,2021-07-18,AstraZeneca,13071,130710
32,2021-07-25,AstraZeneca,13582,135820
32,2021-08-01,AstraZeneca,15993,159930
32,2021-08-08,AstraZeneca,15993,159930
32,2021-08-15,AstraZeneca,15993,159930
32,2021-08-22,AstraZeneca,15993,159930
32,2021-08-29,AstraZeneca,15993,159930
32,2021-09-05,AstraZeneca,15993,159930
32,2021-09-12,AstraZeneca,15993,159930
11,2021-06-13,AstraZeneca,8964,89640
11,2021-06-20,AstraZeneca,11973,119730
11,2021-06-27,AstraZeneca,13701,137010
11,2021-07-04,AstraZeneca,13701,137010
11,2021-07-11,AstraZeneca,14537,145370
11,2021-07-18,AstraZeneca,15321,153210
11,2021-07-25,AstraZeneca,15991,159910
11,2021-08-01,AstraZeneca,19363,193630
11,2021-08-08,AstraZeneca,19363,193630
11,2021-08-15,AstraZeneca,19363,193630
11,2021-08-22,AstraZeneca,19363,193630
11,2021-08-29,AstraZeneca,19363,193630
11,2021-09-05,AstraZeneca,19363,193630
11,2021-09-12,AstraZeneca,19363,193630
02,2021-06-13,AstraZeneca,0,0
02,2021-06-20,AstraZeneca,0,0
02,2021-06-27,AstraZeneca,0,0
02,2021-07-04,AstraZeneca,0,0
02,2021-07-11,AstraZeneca,0,0
02,2021-07-18,AstraZeneca,0,0
02,2021-07-25,AstraZeneca,0,0
02,2021-08-01,AstraZeneca,0,0
02,2021-08-08,AstraZeneca,0,0
02,2021-08-15,AstraZeneca,0,0
02,2021-08-22,AstraZeneca,0,0
02,2021-08-29,AstraZeneca,0,0
02,2021-09-05,AstraZeneca,0,0
02,2021-09-12,AstraZeneca,0,0
75,2021-06-13,AstraZeneca,5250,52500
75,2021-06-20,AstraZeneca,7357,73570
75,2021-06-27,AstraZeneca,9005,90050
75,2021-07-04,AstraZeneca,9005,90050
75,2021-07-11,AstraZeneca,9852,98520
75,2021-07-18,AstraZeneca,10428,104280
75,2021-07-25,AstraZeneca,10872,108720
75,2021-08-01,AstraZeneca,12792,127920
75,2021-08-08,AstraZeneca,12792,127920
75,2021-08-15,AstraZeneca,12792,127920
75,2021-08-22,AstraZeneca,12792,127920
75,2021-08-29,AstraZeneca,12792,127920
75,2021-09-05,AstraZeneca,12792,127920
75,2021-09-12,AstraZeneca,12792,127920
28,2021-06-13,AstraZeneca,2588,25880
28,2021-06-20,AstraZeneca,3863,38630
28,2021-06-27,AstraZeneca,4653,46530
28,2021-07-04,AstraZeneca,4653,46530
28,2021-07-11,AstraZeneca,5068,50680
28,2021-07-18,AstraZeneca,5394,53940
28,2021-07-25,AstraZeneca,5699,56990
28,2021-08-01,AstraZeneca,6919,69190
28,2021-08-08,AstraZeneca,6919,69190
28,2021-08-15,AstraZeneca,6919,69190
28,2021-08-22,AstraZeneca,6919,69190
28,2021-08-29,AstraZeneca,6919,69190
28,2021-09-05,AstraZeneca,6919,69190
28,2021-09-12,AstraZeneca,6919,69190
76,2021-06-13,AstraZeneca,4002,40020
76,2021-06-20,AstraZeneca,5692,56920
76,2021-06-27,AstraZeneca,7060,70600
76,2021-07-04,AstraZeneca,7060,70600
76,2021-07-11,AstraZeneca,7736,77360
76,2021-07-18,AstraZeneca,8361,83610
76,2021-07-25,AstraZeneca,8873,88730
76,2021-08-01,AstraZeneca,10921,109210
76,2021-08-08,AstraZeneca,10921,109210
76,2021-08-15,AstraZeneca,10921,109210
76,2021-08-22,AstraZeneca,10921,109210
76,2021-08-29,AstraZeneca,10921,109210
76,2021-09-05,AstraZeneca,10921,109210
76,2021-09-12,AstraZeneca,10921,109210
93,2021-06-13,AstraZeneca,3070,30700
93,2021-06-20,AstraZeneca,4527,45270
93,2021-06-27,AstraZeneca,5401,54010
93,2021-07-04,AstraZeneca,5401,54010
93,2021-07-11,AstraZeneca,5831,58310
93,2021-07-18,AstraZeneca,6423,64230
93,2021-07-25,AstraZeneca,7053,70530
93,2021-08-01,AstraZeneca,9573,95730
93,2021-08-08,AstraZeneca,9573,95730
93,2021-08-15,AstraZeneca,9573,95730
93,2021-08-22,AstraZeneca,9573,95730
93,2021-08-29,AstraZeneca,9573,95730
93,2021-09-05,AstraZeneca,9573,95730
93,2021-09-12,AstraZeneca,9573,95730
52,2021-06-13,AstraZeneca,3698,36980
52,2021-06-20,AstraZeneca,4889,48890
52,2021-06-27,AstraZeneca,6110,61100
52,2021-07-04,AstraZeneca,6110,61100
52,2021-07-11,AstraZeneca,6656,66560
52,2021-07-18,AstraZeneca,6971,69710
52,2021-07-25,AstraZeneca,7278,72780
52,2021-08-01,AstraZeneca,8506,85060
52,2021-08-08,AstraZeneca,8506,85060
52,2021-08-15,AstraZeneca,8506,85060
52,2021-08-22,AstraZeneca,8506,85060
52,2021-08-29,AstraZeneca,8506,85060
52,2021-09-05,AstraZeneca,8506,85060
52,2021-09-12,AstraZeneca,8506,85060
84,2021-08-08,Janssen,6584,32920
84,2021-08-15,Janssen,6584,32920
84,2021-08-22,Janssen,8968,44840
84,2021-08-29,Janssen,8968,44840
84,2021-09-05,Janssen,8968,44840
84,2021-09-12,Janssen,8968,44840
27,2021-08-08,Janssen,3324,16620
27,2021-08-15,Janssen,3324,16620
27,2021-08-22,Janssen,4228,21140
27,2021-08-29,Janssen,4228,21140
27,2021-09-05,Janssen,4228,21140
27,2021-09-12,Janssen,4228,21140
53,2021-08-08,Janssen,3340,16700
53,2021-08-15,Janssen,3340,16700
53,2021-08-22,Janssen,4260,21300
53,2021-08-29,Janssen,4260,21300
53,2021-09-05,Janssen,4260,21300
53,2021-09-12,Janssen,4260,21300
94,2021-08-08,Janssen,540,2700
94,2021-08-15,Janssen,540,2700
94,2021-08-22,Janssen,752,3760
94,2021-08-29,Janssen,752,3760
94,2021-09-05,Janssen,752,3760
94,2021-09-12,Janssen,752,3760
24,2021-08-08,Janssen,2892,14460
24,2021-08-15,Janssen,2892,14460
24,2021-08-22,Janssen,3760,18800
24,2021-08-29,Janssen,3760,18800
24,2021-09-05,Janssen,3760,18800
24,2021-09-12,Janssen,3760,18800
01,2021-05-02,Janssen,0,0
01,2021-05-09,Janssen,0,0
01,2021-05-16,Janssen,0,0
01,2021-05-23,Janssen,0,0
01,2021-05-30,Janssen,0,0
01,2021-06-06,Janssen,0,0
01,2021-06-13,Janssen,0,0
01,2021-06-20,Janssen,0,0
01,2021-06-27,Janssen,0,0
01,2021-07-04,Janssen,0,0
01,2021-07-11,Janssen,100,500
01,2021-07-18,Janssen,100,500
01,2021-07-25,Janssen,100,500
01,2021-08-01,Janssen,100,500
01,2021-08-08,Janssen,100,500
01,2021-08-15,Janssen,100,500
01,2021-08-22,Janssen,100,500
01,2021-08-29,Janssen,100,500
01,2021-09-05,Janssen,100,500
01,2021-09-12,Janssen,100,500
44,2021-08-08,Janssen,4940,24700
44,2021-08-15,Janssen,4940,24700
44,2021-08-22,Janssen,6598,32990
44,2021-08-29,Janssen,6598,32990
44,2021-09-05,Janssen,6598,32990
44,2021-09-12,Janssen,6598,32990
32,2021-08-08,Janssen,5404,27020
32,2021-08-15,Janssen,5404,27020
32,2021-08-22,Janssen,7018,35090
32,2021-08-29,Janssen,7018,35090
32,2021-09-05,Janssen,7018,35090
32,2021-09-12,Janssen,7018,35090
11,2021-08-08,Janssen,6224,31120
11,2021-08-15,Janssen,6224,31120
11,2021-08-22,Janssen,8762,43810
11,2021-08-29,Janssen,8762,43810
11,2021-09-05,Janssen,8762,43810
11,2021-09-12,Janssen,8762,43810
02,2021-08-08,Janssen,0,0
02,2021-08-15,Janssen,0,0
02,2021-08-22,Janssen,0,0
02,2021-08-29,Janssen,0,0
02,2021-09-05,Janssen,0,0
02,2021-09-12,Janssen,0,0
75,2021-08-08,Janssen,8728,43640
75,2021-08-15,Janssen,8728,43640
75,2021-08-22,Janssen,11306,56530
75,2021-08-29,Janssen,11306,56530
75,2021-09-05,Janssen,11306,56530
75,2021-09-12,Janssen,11306,56530
28,2021-08-08,Janssen,3160,15800
28,2021-08-15,Janssen,3160,15800
28,2021-08-22,Janssen,4272,21360
28,2021-08-29,Janssen,4272,21360
28,2021-09-05,Janssen,4272,21360
28,2021-09-12,Janssen,4272,21360
76,2021-08-08,Janssen,9880,49400
76,2021-08-15,Janssen,9880,49400
76,2021-08-22,Janssen,12628,63140
76,2021-08-29,Janssen,12628,63140
76,2021-09-05,Janssen,12628,63140
76,2021-09-12,Janssen,12628,63140
93,2021-08-08,Janssen,10616,53080
93,2021-08-15,Janssen,10616,53080
93,2021-08-22,Janssen,14692,73460
93,2021-08-29,Janssen,14692,73460
93,2021-09-05,Janssen,14692,73460
93,2021-09-12,Janssen,14692,73460
52,2021-08-08,Janssen,4268,21340
52,2021-08-15,Janssen,4268,21340
52,2021-08-22,Janssen,5634,28170
52,2021-08-29,Janssen,5634,28170
52,2021-09-05,Janssen,5634,28170
52,2021-09-12,Janssen,5634,28170
84,2021-01-10,Moderna,0,0
84,2021-01-17,Moderna,0,0
84,2021-01-24,Moderna,480,4800
84,2021-01-31,Moderna,480,4800
84,2021-02-07,Moderna,1440,14400
84,2021-02-14,Moderna,3120,31200
84,2021-02-21,Moderna,3120,31200
84,2021-02-28,Moderna,3120,31200
84,2021-03-07,Moderna,6360,63600
84,2021-03-14,Moderna,6360,63600
84,2021-03-21,Moderna,10560,105600
84,2021-03-28,Moderna,10560,105600
84,2021-04-04,Moderna,12720,127200
84,2021-04-11,Moderna,18000,180000
84,2021-04-18,Moderna,23760,237600
84,2021-04-25,Moderna,23760,237600
84,2021-05-02,Moderna,27720,277200
84,2021-05-09,Moderna,31320,313200
84,2021-05-16,Moderna,36000,360000
84,2021-05-23,Moderna,40080,400800
84,2021-05-30,Moderna,41160,411600
84,2021-06-06,Moderna,41890,418900
84,2021-06-13,Moderna,41890,418900
84,2021-06-20,Moderna,44290,442900
84,2021-06-27,Moderna,52690,526900
84,2021-07-04,Moderna,52690,526900
84,2021-07-11,Moderna,52690,526900
84,2021-07-18,Moderna,52690,526900
84,2021-07-25,Moderna,52690,526900
84,2021-08-01,Moderna,52690,526900
84,2021-08-08,Moderna,52690,526900
84,2021-08-15,Moderna,52690,526900
84,2021-08-22,Moderna,52690,526900
84,2021-08-29,Moderna,52690,526900
84,2021-09-05,Moderna,52690,526900
84,2021-09-12,Moderna,52690,526900
27,2021-01-10,Moderna,0,0
27,2021-01-17,Moderna,0,0
27,2021-01-24,Moderna,1440,14400
27,2021-01-31,Moderna,1440,14400
27,2021-02-07,Moderna,3720,37200
27,2021-02-14,Moderna,4800,48000
27,2021-02-21,Moderna,4980,49800
27,2021-02-28,Moderna,4980,49800
27,2021-03-07,Moderna,7140,71400
27,2021-03-14,Moderna,7140,71400
27,2021-03-21,Moderna,8820,88200
27,2021-03-28,Moderna,8820,88200
27,2021-04-04,Moderna,9780,97800
27,2021-04-11,Moderna,11460,114600
27,2021-04-18,Moderna,13620,136200
27,2021-04-25,Moderna,13620,136200
27,2021-05-02,Moderna,14940,149400
27,2021-05-09,Moderna,16380,163800
27,2021-05-16,Moderna,19380,193800
27,2021-05-23,Moderna,20940,209400
27,2021-05-30,Moderna,22500,225000
27,2021-06-06,Moderna,22500,225000
27,2021-06-13,Moderna,23220,232200
27,2021-06-20,Moderna,24420,244200
27,2021-06-27,Moderna,25620,256200
27,2021-07-04,Moderna,26700,267000
27,2021-07-11,Moderna,26700,267000
27,2021-07-18,Moderna,26700,267000
27,2021-07-25,Moderna,26700,267000
27,2021-08-01,Moderna,26700,267000
27,2021-08-08,Moderna,26700,267000
27,2021-08-15,Moderna,26700,267000
27,2021-08-22,Moderna,26700,267000
27,2021-08-29,Moderna,26700,267000
27,2021-09-05,Moderna,26700,267000
27,2021-09-12,Moderna,26700,267000
53,2021-01-10,Moderna,0,0
53,2021-01-17,Moderna,0,0
53,2021-01-24,Moderna,0,0
53,2021-01-31,Moderna,0,0
53,2021-02-07,Moderna,0,0
53,2021-02-14,Moderna,840,8400
53,2021-02-21,Moderna,840,8400
53,2021-02-28,Moderna,840,8400
53,2021-03-07,Moderna,2280,22800
53,2021-03-14,Moderna,2280,22800
53,2021-03-21,Moderna,4320,43200
53,2021-03-28,Moderna,4320,43200
53,2021-04-04,Moderna,5040,50400
53,2021-04-11,Moderna,7680,76800
53,2021-04-18,Moderna,10200,102000
53,2021-04-25,Moderna,10200,102000
53,2021-05-02,Moderna,12000,120000
53,2021-05-09,Moderna,13680,136800
53,2021-05-16,Moderna,15840,158400
53,2021-05-23,Moderna,17760,177600
53,2021-05-30,Moderna,18960,189600
53,2021-06-06,Moderna,19440,194400
53,2021-06-13,Moderna,19920,199200
53,2021-06-20,Moderna,23640,236400
53,2021-06-27,Moderna,23640,236400
53,2021-07-04,Moderna,23640,236400
53,2021-07-11,Moderna,23640,236400
53,2021-07-18,Moderna,23640,236400
53,2021-07-25,Moderna,23640,236400
53,2021-08-01,Moderna,23640,236400
53,2021-08-08,Moderna,23640,236400
53,2021-08-15,Moderna,23640,236400
53,2021-08-22,Moderna,23640,236400
53,2021-08-29,Moderna,23640,236400
53,2021-09-05,Moderna,23640,236400
53,2021-09-12,Moderna,23640,236400
94,2021-01-10,Moderna,0,0
94,2021-01-17,Moderna,0,0
94,2021-01-24,Moderna,0,0
94,2021-01-31,Moderna,0,0
94,2021-02-07,Moderna,0,0
94,2021-02-14,Moderna,120,1200
94,2021-02-21,Moderna,120,1200
94,2021-02-28,Moderna,120,1200
94,2021-03-07,Moderna,240,2400
94,2021-03-14,Moderna,240,2400
94,2021-03-21,Moderna,480,4800
94,2021-03-28,Moderna,480,4800
94,2021-04-04,Moderna,840,8400
94,2021-04-11,Moderna,840,8400
94,2021-04-18,Moderna,1080,10800
94,2021-04-25,Moderna,1080,10800
94,2021-05-02,Moderna,1560,15600
94,2021-05-09,Moderna,1800,18000
94,2021-05-16,Moderna,2040,20400
94,2021-05-23,Moderna,2280,22800
94,2021-05-30,Moderna,2280,22800
94,2021-06-06,Moderna,2280,22800
94,2021-06-13,Moderna,2640,26400
94,2021-06-20,Moderna,2640,26400
94,2021-06-27,Moderna,2640,26400
94,2021-07-04,Moderna,2640,26400
94,2021-07-11,Moderna,2640,26400
94,2021-07-18,Moderna,2640,26400
94,2021-07-25,Moderna,2640,26400
94,2021-08-01,Moderna,2640,26400
94,2021-08-08,Moderna,2640,26400
94,2021-08-15,Moderna,2640,26400
94,2021-08-22,Moderna,2640,26400
94,2021-08-29,Moderna,2640,26400
94,2021-09-05,Moderna,2640,26400
94,2021-09-12,Moderna,2640,26400
24,2021-01-10,Moderna,0,0
24,2021-01-17,Moderna,0,0
24,2021-01-24,Moderna,0,0
24,2021-01-31,Moderna,0,0
24,2021-02-07,Moderna,0,0
24,2021-02-14,Moderna,600,6000
24,2021-02-21,Moderna,600,6000
24,2021-02-28,Moderna,600,6000
24,2021-03-07,Moderna,1800,18000
24,2021-03-14,Moderna,1800,18000
24,2021-03-21,Moderna,3360,33600
24,2021-03-28,Moderna,3360,33600
24,2021-04-04,Moderna,3960,39600
24,2021-04-11,Moderna,5640,56400
24,2021-04-18,Moderna,7560,75600
24,2021-04-25,Moderna,7560,75600
24,2021-05-02,Moderna,8640,86400
24,2021-05-09,Moderna,9840,98400
24,2021-05-16,Moderna,11520,115200
24,2021-05-23,Moderna,12960,129600
24,2021-05-30,Moderna,13200,132000
24,2021-06-06,Moderna,13200,132000
24,2021-06-13,Moderna,13800,138000
24,2021-06-20,Moderna,13800,138000
24,2021-06-27,Moderna,15240,152400
24,2021-07-04,Moderna,15720,157200
24,2021-07-11,Moderna,15720,157200
24,2021-07-18,Moderna,15720,157200
24,2021-07-25,Moderna,15720,157200
24,2021-08-01,Moderna,15720,157200
24,2021-08-08,Moderna,15720,157200
24,2021-08-15,Moderna,15720,157200
24,2021-08-22,Moderna,15720,157200
24,2021-08-29,Moderna,15720,157200
24,2021-09-05,Moderna,15720,157200
24,2021-09-12,Moderna,15720,157200
44,2021-01-10,Moderna,0,0
44,2021-01-17,Moderna,0,0
44,2021-01-24,Moderna,2280,22800
44,2021-01-31,Moderna,2280,22800
44,2021-02-07,Moderna,4680,46800
44,2021-02-14,Moderna,5880,58800
44,2021-02-21,Moderna,5880,58800
44,2021-02-28,Moderna,5880,58800
44,2021-03-07,Moderna,8040,80400
44,2021-03-14,Moderna,8040,80400
44,2021-03-21,Moderna,11040,110400
44,2021-03-28,Moderna,11040,110400
44,2021-04-04,Moderna,12360,123600
44,2021-04-11,Moderna,15480,154800
44,2021-04-18,Moderna,19200,192000
44,2021-04-25,Moderna,19200,192000
44,2021-05-02,Moderna,21360,213600
44,2021-05-09,Moderna,23760,237600
44,2021-05-16,Moderna,28560,285600
44,2021-05-23,Moderna,31440,314400
44,2021-05-30,Moderna,32400,324000
44,2021-06-06,Moderna,32880,328800
44,2021-06-13,Moderna,34080,340800
44,2021-06-20,Moderna,36360,363600
44,2021-06-27,Moderna,38640,386400
44,2021-07-04,Moderna,38760,387600
44,2021-07-11,Moderna,38880,388800
44,2021-07-18,Moderna,38880,388800
44,2021-07-25,Moderna,38880,388800
44,2021-08-01,Moderna,38880,388800
44,2021-08-08,Moderna,38880,388800
44,2021-08-15,Moderna,38880,388800
44,2021-08-22,Moderna,38880,388800
44,2021-08-29,Moderna,38880,388800
44,2021-09-05,Moderna,38880,388800
44,2021-09-12,Moderna,38880,388800
32,2021-01-10,Moderna,0,0
32,2021-01-17,Moderna,0,0
32,2021-01-24,Moderna,0,0
32,2021-01-31,Moderna,0,0
32,2021-02-07,Moderna,480,4800
32,2021-02-14,Moderna,1560,15600
32,2021-02-21,Moderna,1560,15600
32,2021-02-28,Moderna,1560,15600
32,2021-03-07,Moderna,3600,36000
32,2021-03-14,Moderna,3600,36000
32,2021-03-21,Moderna,6360,63600
32,2021-03-28,Moderna,6360,63600
32,2021-04-04,Moderna,8040,80400
32,2021-04-11,Moderna,10440,104400
32,2021-04-18,Moderna,13920,139200
32,2021-04-25,Moderna,13920,139200
32,2021-05-02,Moderna,15840,158400
32,2021-05-09,Moderna,18120,181200
32,2021-05-16,Moderna,21480,214800
32,2021-05-23,Moderna,24360,243600
32,2021-05-30,Moderna,24600,246000
32,2021-06-06,Moderna,24840,248400
32,2021-06-13,Moderna,24840,248400
32,2021-06-20,Moderna,24840,248400
32,2021-06-27,Moderna,28080,280800
32,2021-07-04,Moderna,30240,302400
32,2021-07-11,Moderna,30720,307200
32,2021-07-18,Moderna,30720,307200
32,2021-07-25,Moderna,30720,307200
32,2021-08-01,Moderna,30720,307200
32,2021-08-08,Moderna,30720,307200
32,2021-08-15,Moderna,30720,307200
32,2021-08-22,Moderna,30720,307200
32,2021-08-29,Moderna,30720,307200
32,2021-09-05,Moderna,30720,307200
32,2021-09-12,Moderna,30720,307200
11,2021-01-10,Moderna,0,0
11,2021-01-17,Moderna,0,0
11,2021-01-24,Moderna,0,0
11,2021-01-31,Moderna,0,0
11,2021-02-07,Moderna,0,0
11,2021-02-14,Moderna,2040,20400
11,2021-02-21,Moderna,2040,20400
11,2021-02-28,Moderna,2040,20400
11,2021-03-07,Moderna,5760,57600
11,2021-03-14,Moderna,5760,57600
11,2021-03-21,Moderna,10800,108000
11,2021-03-28,Moderna,10800,108000
11,2021-04-04,Moderna,13800,138000
11,2021-04-11,Moderna,18360,183600
11,2021-04-18,Moderna,24720,247200
11,2021-04-25,Moderna,25080,250800
11,2021-05-02,Moderna,28680,286800
11,2021-05-09,Moderna,32760,327600
11,2021-05-16,Moderna,40320,403200
11,2021-05-23,Moderna,45600,456000
11,2021-05-30,Moderna,48120,481200
11,2021-06-06,Moderna,48120,481200
11,2021-06-13,Moderna,50520,505200
11,2021-06-20,Moderna,52200,522000
11,2021-06-27,Moderna,58800,588000
11,2021-07-04,Moderna,61320,613200
11,2021-07-11,Moderna,63960,639600
11,2021-07-18,Moderna,65160,651600
11,2021-07-25,Moderna,65160,651600
11,2021-08-01,Moderna,65160,651600
11,2021-08-08,Moderna,65160,651600
11,2021-08-15,Moderna,65160,651600
11,2021-08-22,Moderna,65160,651600
11,2021-08-29,Moderna,65160,651600
11,2021-09-05,Moderna,65160,651600
11,2021-09-12,Moderna,65160,651600
75,2021-01-10,Moderna,0,0
75,2021-01-17,Moderna,0,0
75,2021-01-24,Moderna,0,0
75,2021-01-31,Moderna,0,0
75,2021-02-07,Moderna,0,0
75,2021-02-14,Moderna,1560,15600
75,2021-02-21,Moderna,1560,15600
75,2021-02-28,Moderna,1560,15600
75,2021-03-07,Moderna,4440,44400
75,2021-03-14,Moderna,4440,44400
75,2021-03-21,Moderna,8040,80400
75,2021-03-28,Moderna,8040,80400
75,2021-04-04,Moderna,9600,96000
75,2021-04-11,Moderna,13800,138000
75,2021-04-18,Moderna,18600,186000
75,2021-04-25,Moderna,18600,186000
75,2021-05-02,Moderna,21360,213600
75,2021-05-09,Moderna,24480,244800
75,2021-05-16,Moderna,28440,284400
75,2021-05-23,Moderna,31920,319200
75,2021-05-30,Moderna,33720,337200
75,2021-06-06,Moderna,34320,343200
75,2021-06-13,Moderna,37320,373200
75,2021-06-20,Moderna,38160,381600
75,2021-06-27,Moderna,42000,420000
75,2021-07-04,Moderna,42240,422400
75,2021-07-11,Moderna,42240,422400
75,2021-07-18,Moderna,42240,422400
75,2021-07-25,Moderna,42240,422400
75,2021-08-01,Moderna,42240,422400
75,2021-08-08,Moderna,42240,422400
75,2021-08-15,Moderna,42240,422400
75,2021-08-22,Moderna,42240,422400
75,2021-08-29,Moderna,42240,422400
75,2021-09-05,Moderna,42240,422400
75,2021-09-12,Moderna,42240,422400
28,2021-01-10,Moderna,0,0
28,2021-01-17,Moderna,0,0
28,2021-01-24,Moderna,0,0
28,2021-01-31,Moderna,0,0
28,2021-02-07,Moderna,0,0
28,2021-02-14,Moderna,720,7200
28,2021-02-21,Moderna,720,7200
28,2021-02-28,Moderna,720,7200
28,2021-03-07,Moderna,2160,21600
28,2021-03-14,Moderna,2160,21600
28,2021-03-21,Moderna,4080,40800
28,2021-03-28,Moderna,4080,40800
28,2021-04-04,Moderna,5040,50400
28,2021-04-11,Moderna,6840,68400
28,2021-04-18,Moderna,9240,92400
28,2021-04-25,Moderna,9240,92400
28,2021-05-02,Moderna,10560,105600
28,2021-05-09,Moderna,13320,133200
28,2021-05-16,Moderna,15420,154200
28,2021-05-23,Moderna,17220,172200
28,2021-05-30,Moderna,18060,180600
28,2021-06-06,Moderna,18900,189000
28,2021-06-13,Moderna,18900,189000
28,2021-06-20,Moderna,19860,198600
28,2021-06-27,Moderna,22020,220200
28,2021-07-04,Moderna,23100,231000
28,2021-07-11,Moderna,23340,233400
28,2021-07-18,Moderna,23580,235800
28,2021-07-25,Moderna,23580,235800
28,2021-08-01,Moderna,23580,235800
28,2021-08-08,Moderna,23580,235800
28,2021-08-15,Moderna,23580,235800
28,2021-08-22,Moderna,23580,235800
28,2021-08-29,Moderna,23580,235800
28,2021-09-05,Moderna,23580,235800
28,2021-09-12,Moderna,23580,235800
76,2021-01-10,Moderna,0,0
76,2021-01-17,Moderna,0,0
76,2021-01-24,Moderna,0,0
76,2021-01-31,Moderna,0,0
76,2021-02-07,Moderna,0,0
76,2021-02-14,Moderna,1440,14400
76,2021-02-21,Moderna,1440,14400
76,2021-02-28,Moderna,1440,14400
76,2021-03-07,Moderna,4200,42000
76,2021-03-14,Moderna,4200,42000
76,2021-03-21,Moderna,7800,78000
76,2021-03-28,Moderna,7800,78000
76,2021-04-04,Moderna,9480,94800
76,2021-04-11,Moderna,13200,132000
76,2021-04-18,Moderna,17760,177600
76,2021-04-25,Moderna,17760,177600
76,2021-05-02,Moderna,20400,204000
76,2021-05-09,Moderna,23520,235200
76,2021-05-16,Moderna,27240,272400
76,2021-05-23,Moderna,30600,306000
76,2021-05-30,Moderna,31320,313200
76,2021-06-06,Moderna,31320,313200
76,2021-06-13,Moderna,31560,315600
76,2021-06-20,Moderna,34080,340800
76,2021-06-27,Moderna,39720,397200
76,2021-07-04,Moderna,42720,427200
76,2021-07-11,Moderna,42720,427200
76,2021-07-18,Moderna,42720,427200
76,2021-07-25,Moderna,42720,427200
76,2021-08-01,Moderna,42720,427200
76,2021-08-08,Moderna,42720,427200
76,2021-08-15,Moderna,42720,427200
76,2021-08-22,Moderna,42720,427200
76,2021-08-29,Moderna,42720,427200
76,2021-09-05,Moderna,42720,427200
76,2021-09-12,Moderna,42720,427200
93,2021-01-10,Moderna,0,0
93,2021-01-17,Moderna,0,0
93,2021-01-24,Moderna,960,9600
93,2021-01-31,Moderna,960,9600
93,2021-02-07,Moderna,2280,22800
93,2021-02-14,Moderna,3600,36000
93,2021-02-21,Moderna,3600,36000
93,2021-02-28,Moderna,3600,36000
93,2021-03-07,Moderna,6000,60000
93,2021-03-14,Moderna,6000,60000
93,2021-03-21,Moderna,9240,92400
93,2021-03-28,Moderna,9240,92400
93,2021-04-04,Moderna,11280,112800
93,2021-04-11,Moderna,14160,141600
93,2021-04-18,Moderna,18240,182400
93,2021-04-25,Moderna,18240,182400
93,2021-05-02,Moderna,20520,205200
93,2021-05-09,Moderna,23160,231600
93,2021-05-16,Moderna,26400,264000
93,2021-05-23,Moderna,29280,292800
93,2021-05-30,Moderna,30720,307200
93,2021-06-06,Moderna,30720,307200
93,2021-06-13,Moderna,30720,307200
93,2021-06-20,Moderna,31560,315600
93,2021-06-27,Moderna,34560,345600
93,2021-07-04,Moderna,36480,364800
93,2021-07-11,Moderna,36720,367200
93,2021-07-18,Moderna,36840,368400
93,2021-07-25,Moderna,36840,368400
93,2021-08-01,Moderna,36840,368400
93,2021-08-08,Moderna,36840,368400
93,2021-08-15,Moderna,36840,368400
93,2021-08-22,Moderna,36840,368400
93,2021-08-29,Moderna,36840,368400
93,2021-09-05,Moderna,36840,368400
93,2021-09-12,Moderna,36840,368400
52,2021-01-10,Moderna,0,0
52,2021-01-17,Moderna,0,0
52,2021-01-24,Moderna,0,0
52,2021-01-31,Moderna,0,0
52,2021-02-07,Moderna,0,0
52,2021-02-14,Moderna,840,8400
52,2021-02-21,Moderna,840,8400
52,2021-02-28,Moderna,840,8400
52,2021-03-07,Moderna,2400,24000
52,2021-03-14,Moderna,2400,24000
52,2021-03-21,Moderna,4440,44400
52,2021-03-28,Moderna,4440,44400
52,2021-04-04,Moderna,4440,44400
52,2021-04-11,Moderna,7560,75600
52,2021-04-18,Moderna,10200,102000
52,2021-04-25,Moderna,10200,102000
52,2021-05-02,Moderna,11760,117600
52,2021-05-09,Moderna,13440,134400
52,2021-05-16,Moderna,15720,157200
52,2021-05-23,Moderna,17760,177600
52,2021-05-30,Moderna,18720,187200
52,2021-06-06,Moderna,18720,187200
52,2021-06-13,Moderna,20160,201600
52,2021-06-20,Moderna,21720,217200
52,2021-06-27,Moderna,21720,217200
52,2021-07-04,Moderna,22080,220800
52,2021-07-11,Moderna,22440,224400
52,2021-07-18,Moderna,22440,224400
52,2021-07-25,Moderna,22440,224400
52,2021-08-01,Moderna,22440,224400
52,2021-08-08,Moderna,22440,224400
52,2021-08-15,Moderna,22440,224400
52,2021-08-22,Moderna,22440,224400
52,2021-08-29,Moderna,22440,224400
52,2021-09-05,Moderna,22440,224400
52,2021-09-12,Moderna,22440,224400
84,2020-12-27,Pfizer,1950,9750
84,2021-01-03,Pfizer,2925,14625
84,2021-01-10,Pfizer,14768,73840
84,2021-01-17,Pfizer,26935,134675
84,2021-01-24,Pfizer,32743,167420
84,2021-01-31,Pfizer,43865,232195
84,2021-02-07,Pfizer,56280,303435
84,2021-02-14,Pfizer,68528,373840
84,2021-02-21,Pfizer,82326,454140
84,2021-02-28,Pfizer,99324,552000
84,2021-03-07,Pfizer,114638,642610
84,2021-03-14,Pfizer,129270,729615
84,2021-03-21,Pfizer,145327,824330
84,2021-03-28,Pfizer,164632,940160
84,2021-04-04,Pfizer,186595,1070645
84,2021-04-11,Pfizer,221424,1278720
84,2021-04-18,Pfizer,257794,1495085
84,2021-04-25,Pfizer,293115,1705620
84,2021-05-02,Pfizer,345770,2020765
84,2021-05-09,Pfizer,396308,2322205
84,2021-05-16,Pfizer,445253,2615875
84,2021-05-23,Pfizer,494003,2908375
84,2021-05-30,Pfizer,549773,3242995
84,2021-06-06,Pfizer,623288,3684085
84,2021-06-13,Pfizer,700118,4145065
84,2021-06-20,Pfizer,772268,4577965
84,2021-06-27,Pfizer,854168,5069365
84,2021-07-04,Pfizer,936068,5560765
84,2021-07-11,Pfizer,982673,5840395
84,2021-07-18,Pfizer,1029278,6120025
84,2021-07-25,Pfizer,1077053,6406675
84,2021-08-01,Pfizer,1123658,6686305
84,2021-08-08,Pfizer,1170458,6967105
84,2021-08-15,Pfizer,1223303,7284175
84,2021-08-22,Pfizer,1285898,7659745
84,2021-08-29,Pfizer,1344983,8014255
84,2021-09-05,Pfizer,1391783,8295055
84,2021-09-12,Pfizer,1438583,8575855
27,2020-12-27,Pfizer,0,0
27,2021-01-03,Pfizer,1365,6825
27,2021-01-10,Pfizer,11115,55575
27,2021-01-17,Pfizer,17355,86775
27,2021-01-24,Pfizer,18416,92470
27,2021-01-31,Pfizer,22731,117360
27,2021-02-07,Pfizer,26046,137250
27,2021-02-14,Pfizer,30978,166005
27,2021-02-21,Pfizer,36297,196695
27,2021-02-28,Pfizer,41172,225945
27,2021-03-07,Pfizer,46102,255275
27,2021-03-14,Pfizer,51100,284945
27,2021-03-21,Pfizer,56365,316535
27,2021-03-28,Pfizer,63970,362165
27,2021-04-04,Pfizer,71543,407440
27,2021-04-11,Pfizer,83769,480465
27,2021-04-18,Pfizer,95664,551835
27,2021-04-25,Pfizer,107700,623910
27,2021-05-02,Pfizer,124721,725785
27,2021-05-09,Pfizer,141686,827575
27,2021-05-16,Pfizer,158066,925855
27,2021-05-23,Pfizer,174056,1021795
27,2021-05-30,Pfizer,191996,1129435
27,2021-06-06,Pfizer,215981,1273345
27,2021-06-13,Pfizer,244061,1441825
27,2021-06-20,Pfizer,267851,1584565
27,2021-06-27,Pfizer,294761,1746025
27,2021-07-04,Pfizer,321671,1907485
27,2021-07-11,Pfizer,337661,2003425
27,2021-07-18,Pfizer,353651,2099365
27,2021-07-25,Pfizer,369641,2195305
27,2021-08-01,Pfizer,391871,2328685
27,2021-08-08,Pfizer,409031,2431645
27,2021-08-15,Pfizer,428141,2546305
27,2021-08-22,Pfizer,450176,2678515
27,2021-08-29,Pfizer,472016,2809555
27,2021-09-05,Pfizer,489566,2914855
27,2021-09-12,Pfizer,507116,3020155
53,2020-12-27,Pfizer,0,0
53,2021-01-03,Pfizer,2535,12675
53,2021-01-10,Pfizer,3510,17550
53,2021-01-17,Pfizer,6240,31200
53,2021-01-24,Pfizer,15332,82510
53,2021-01-31,Pfizer,21354,117300
53,2021-02-07,Pfizer,26745,148545
53,2021-02-14,Pfizer,35238,195300
53,2021-02-21,Pfizer,41901,233685
53,2021-02-28,Pfizer,49450,277670
53,2021-03-07,Pfizer,56599,319265
53,2021-03-14,Pfizer,63187,358445
53,2021-03-21,Pfizer,71320,406910
53,2021-03-28,Pfizer,81070,465410
53,2021-04-04,Pfizer,90815,523105
53,2021-04-11,Pfizer,108170,627235
53,2021-04-18,Pfizer,127235,739915
53,2021-04-25,Pfizer,143952,839490
53,2021-05-02,Pfizer,165597,969360
53,2021-05-09,Pfizer,186169,1091135
53,2021-05-16,Pfizer,203719,1196435
53,2021-05-23,Pfizer,222439,1308755
53,2021-05-30,Pfizer,243499,1435115
53,2021-06-06,Pfizer,272164,1607105
53,2021-06-13,Pfizer,304339,1800155
53,2021-06-20,Pfizer,332029,1966295
53,2021-06-27,Pfizer,364399,2160515
53,2021-07-04,Pfizer,395794,2348885
53,2021-07-11,Pfizer,415489,2467055
53,2021-07-18,Pfizer,438499,2605115
53,2021-07-25,Pfizer,464044,2758385
53,2021-08-01,Pfizer,499144,2968985
53,2021-08-08,Pfizer,521959,3105875
53,2021-08-15,Pfizer,542044,3226385
53,2021-08-22,Pfizer,574219,3419435
53,2021-08-29,Pfizer,597619,3559835
53,2021-09-05,Pfizer,620239,3695555
53,2021-09-12,Pfizer,639739,3812555
94,2020-12-27,Pfizer,0,0
94,2021-01-03,Pfizer,0,0
94,2021-01-10,Pfizer,442,2210
94,2021-01-17,Pfizer,1222,6110
94,2021-01-24,Pfizer,2002,10790
94,2021-01-31,Pfizer,2782,15470
94,2021-02-07,Pfizer,3562,20150
94,2021-02-14,Pfizer,4342,24830
94,2021-02-21,Pfizer,5122,29510
94,2021-02-28,Pfizer,6487,37700
94,2021-03-07,Pfizer,7852,45890
94,2021-03-14,Pfizer,9022,52910
94,2021-03-21,Pfizer,10192,59930
94,2021-03-28,Pfizer,11752,69290
94,2021-04-04,Pfizer,13702,80990
94,2021-04-11,Pfizer,16432,97370
94,2021-04-18,Pfizer,19162,113750
94,2021-04-25,Pfizer,22477,133640
94,2021-05-02,Pfizer,26572,158210
94,2021-05-09,Pfizer,30082,179270
94,2021-05-16,Pfizer,33592,200330
94,2021-05-23,Pfizer,37102,221390
94,2021-05-30,Pfizer,40612,242450
94,2021-06-06,Pfizer,43342,258830
94,2021-06-13,Pfizer,46657,278720
94,2021-06-20,Pfizer,49387,295100
94,2021-06-27,Pfizer,50557,302120
94,2021-07-04,Pfizer,51727,309140
94,2021-07-11,Pfizer,52117,311480
94,2021-07-18,Pfizer,52507,313820
94,2021-07-25,Pfizer,52897,316160
94,2021-08-01,Pfizer,56017,334880
94,2021-08-08,Pfizer,60307,360620
94,2021-08-15,Pfizer,61867,369980
94,2021-08-22,Pfizer,64402,385190
94,2021-08-29,Pfizer,65962,394550
94,2021-09-05,Pfizer,67522,403910
94,2021-09-12,Pfizer,69472,415610
24,2020-12-27,Pfizer,1950,9750
24,2021-01-03,Pfizer,1950,9750
24,2021-01-10,Pfizer,6848,34240
24,2021-01-17,Pfizer,11528,57640
24,2021-01-24,Pfizer,13921,70190
24,2021-01-31,Pfizer,18043,93920
24,2021-02-07,Pfizer,21163,112640
24,2021-02-14,Pfizer,26518,142535
24,2021-02-21,Pfizer,31624,171965
24,2021-02-28,Pfizer,36109,198875
24,2021-03-07,Pfizer,41485,230435
24,2021-03-14,Pfizer,46446,259920
24,2021-03-21,Pfizer,51183,288285
24,2021-03-28,Pfizer,57813,328065
24,2021-04-04,Pfizer,65093,371290
24,2021-04-11,Pfizer,76825,441260
24,2021-04-18,Pfizer,89110,514970
24,2021-04-25,Pfizer,100832,584890
24,2021-05-02,Pfizer,116628,679275
24,2021-05-09,Pfizer,131448,768195
24,2021-05-16,Pfizer,146268,857115
24,2021-05-23,Pfizer,162063,951885
24,2021-05-30,Pfizer,177078,1041975
24,2021-06-06,Pfizer,199113,1174185
24,2021-06-13,Pfizer,223293,1319265
24,2021-06-20,Pfizer,244938,1449135
24,2021-06-27,Pfizer,269508,1596555
24,2021-07-04,Pfizer,294078,1743975
24,2021-07-11,Pfizer,308898,1832895
24,2021-07-18,Pfizer,323718,1921815
24,2021-07-25,Pfizer,339903,2018925
24,2021-08-01,Pfizer,364473,2166345
24,2021-08-08,Pfizer,379293,2255265
24,2021-08-15,Pfizer,395868,2354715
24,2021-08-22,Pfizer,414978,2469375
24,2021-08-29,Pfizer,433308,2579355
24,2021-09-05,Pfizer,448128,2668275
24,2021-09-12,Pfizer,462948,2757195
01,2020-12-27,Pfizer,0,0
01,2021-01-03,Pfizer,0,0
01,2021-01-10,Pfizer,1170,5850
01,2021-01-17,Pfizer,1170,5850
01,2021-01-24,Pfizer,1560,8190
01,2021-01-31,Pfizer,1950,10530
01,2021-02-07,Pfizer,2340,12870
01,2021-02-14,Pfizer,2925,16380
01,2021-02-21,Pfizer,3510,19890
01,2021-02-28,Pfizer,4095,23400
01,2021-03-07,Pfizer,4680,26910
01,2021-03-14,Pfizer,5265,30420
01,2021-03-21,Pfizer,5850,33930
01,2021-03-28,Pfizer,7020,40950
01,2021-04-04,Pfizer,7605,44460
01,2021-04-11,Pfizer,8970,52650
01,2021-04-18,Pfizer,10335,60840
01,2021-04-25,Pfizer,11700,69030
01,2021-05-02,Pfizer,13455,79560
01,2021-05-09,Pfizer,15795,93600
01,2021-05-16,Pfizer,18135,107640
01,2021-05-23,Pfizer,20475,121680
01,2021-05-30,Pfizer,22815,135720
01,2021-06-06,Pfizer,26325,156780
01,2021-06-13,Pfizer,30030,179010
01,2021-06-20,Pfizer,33540,200070
01,2021-06-27,Pfizer,37635,224640
01,2021-07-04,Pfizer,37635,224640
01,2021-07-11,Pfizer,38220,228150
01,2021-07-18,Pfizer,38220,228150
01,2021-07-25,Pfizer,38220,228150
01,2021-08-01,Pfizer,38220,228150
01,2021-08-08,Pfizer,38220,228150
01,2021-08-15,Pfizer,40365,241020
01,2021-08-22,Pfizer,42510,253890
01,2021-08-29,Pfizer,44655,266760
01,2021-09-05,Pfizer,46800,279630
01,2021-09-12,Pfizer,48945,292500
44,2020-12-27,Pfizer,0,0
44,2021-01-03,Pfizer,2340,11700
44,2021-01-10,Pfizer,10349,51745
44,2021-01-17,Pfizer,18136,90680
44,2021-01-24,Pfizer,23510,120865
44,2021-01-31,Pfizer,32290,171200
44,2021-02-07,Pfizer,41915,225760
44,2021-02-14,Pfizer,51018,277710
44,2021-02-21,Pfizer,64229,354295
44,2021-02-28,Pfizer,76608,427305
44,2021-03-07,Pfizer,88032,494955
44,2021-03-14,Pfizer,97997,553945
44,2021-03-21,Pfizer,111095,632500
44,2021-03-28,Pfizer,126890,727270
44,2021-04-04,Pfizer,143496,825900
44,2021-04-11,Pfizer,168324,973830
44,2021-04-18,Pfizer,193727,1125025
44,2021-04-25,Pfizer,218462,1272490
44,2021-05-02,Pfizer,252556,1476110
44,2021-05-09,Pfizer,288584,1691155
44,2021-05-16,Pfizer,323489,1900585
44,2021-05-23,Pfizer,355469,2092465
44,2021-05-30,Pfizer,387449,2284345
44,2021-06-06,Pfizer,435809,2574505
44,2021-06-13,Pfizer,488264,2889235
44,2021-06-20,Pfizer,535844,3174715
44,2021-06-27,Pfizer,589859,3498805
44,2021-07-04,Pfizer,644654,3827575
44,2021-07-11,Pfizer,676439,4018285
44,2021-07-18,Pfizer,708224,4208995
44,2021-07-25,Pfizer,745859,4434805
44,2021-08-01,Pfizer,777644,4625515
44,2021-08-08,Pfizer,809624,4817395
44,2021-08-15,Pfizer,841604,5009275
44,2021-08-22,Pfizer,876899,5221045
44,2021-08-29,Pfizer,928379,5529925
44,2021-09-05,Pfizer,960359,5721805
44,2021-09-12,Pfizer,992339,5913685
03,2020-12-27,Pfizer,0,0
03,2021-01-03,Pfizer,0,0
03,2021-01-10,Pfizer,0,0
03,2021-01-17,Pfizer,195,975
03,2021-01-24,Pfizer,390,2145
03,2021-01-31,Pfizer,585,3315
03,2021-02-07,Pfizer,975,5655
03,2021-02-14,Pfizer,1170,6825
03,2021-02-21,Pfizer,1365,7995
03,2021-02-28,Pfizer,1560,9165
03,2021-03-07,Pfizer,1755,10335
03,2021-03-14,Pfizer,1950,11505
03,2021-03-21,Pfizer,2340,13845
03,2021-03-28,Pfizer,3705,22035
03,2021-04-04,Pfizer,4095,24375
03,2021-04-11,Pfizer,5265,31395
03,2021-04-18,Pfizer,6045,36075
03,2021-04-25,Pfizer,6825,40755
03,2021-05-02,Pfizer,7800,46605
03,2021-05-09,Pfizer,11895,71175
03,2021-05-16,Pfizer,14040,84045
03,2021-05-23,Pfizer,16185,96915
03,2021-05-30,Pfizer,16185,96915
03,2021-06-06,Pfizer,18330,109785
03,2021-06-13,Pfizer,18330,109785
03,2021-06-20,Pfizer,18330,109785
03,2021-06-27,Pfizer,18330,109785
03,2021-07-04,Pfizer,18330,109785
03,2021-07-11,Pfizer,18330,109785
03,2021-07-18,Pfizer,19890,119145
03,2021-07-25,Pfizer,21450,128505
03,2021-08-01,Pfizer,23010,137865
03,2021-08-08,Pfizer,23010,137865
03,2021-08-15,Pfizer,24570,147225
03,2021-08-22,Pfizer,26130,156585
03,2021-08-29,Pfizer,26130,156585
03,2021-09-05,Pfizer,26130,156585
03,2021-09-12,Pfizer,26130,156585
32,2020-12-27,Pfizer,1950,9750
32,2021-01-03,Pfizer,1950,9750
32,2021-01-10,Pfizer,9810,49050
32,2021-01-17,Pfizer,16440,82200
32,2021-01-24,Pfizer,22978,119765
32,2021-01-31,Pfizer,30305,161665
32,2021-02-07,Pfizer,38589,209910
32,2021-02-14,Pfizer,45890,251680
32,2021-02-21,Pfizer,53879,297085
32,2021-02-28,Pfizer,63370,352340
32,2021-03-07,Pfizer,76894,432830
32,2021-03-14,Pfizer,89184,505590
32,2021-03-21,Pfizer,101488,578810
32,2021-03-28,Pfizer,120598,693470
32,2021-04-04,Pfizer,142828,826850
32,2021-04-11,Pfizer,165567,961020
32,2021-04-18,Pfizer,188016,1094715
32,2021-04-25,Pfizer,207516,1211715
32,2021-05-02,Pfizer,243113,1423240
32,2021-05-09,Pfizer,285224,1674940
32,2021-05-16,Pfizer,329489,1940530
32,2021-05-23,Pfizer,366734,2164000
32,2021-05-30,Pfizer,404759,2392150
32,2021-06-06,Pfizer,460724,2727940
32,2021-06-13,Pfizer,518054,3071920
32,2021-06-20,Pfizer,573239,3403030
32,2021-06-27,Pfizer,635639,3777430
32,2021-07-04,Pfizer,698039,4151830
32,2021-07-11,Pfizer,732359,4357750
32,2021-07-18,Pfizer,766679,4563670
32,2021-07-25,Pfizer,800999,4769590
32,2021-08-01,Pfizer,835319,4975510
32,2021-08-08,Pfizer,869834,5182600
32,2021-08-15,Pfizer,904349,5389690
32,2021-08-22,Pfizer,956219,5700910
32,2021-08-29,Pfizer,990734,5908000
32,2021-09-05,Pfizer,1025249,6115090
32,2021-09-12,Pfizer,1059764,6322180
11,2020-12-27,Pfizer,3900,19500
11,2021-01-03,Pfizer,7605,38025
11,2021-01-10,Pfizer,14394,71970
11,2021-01-17,Pfizer,25119,125595
11,2021-01-24,Pfizer,40872,216060
11,2021-01-31,Pfizer,57017,308485
11,2021-02-07,Pfizer,67747,372860
11,2021-02-14,Pfizer,84689,469270
11,2021-02-21,Pfizer,103944,579391
11,2021-02-28,Pfizer,119632,673431
11,2021-03-07,Pfizer,144676,821856
11,2021-03-14,Pfizer,166089,948616
11,2021-03-21,Pfizer,186532,1071111
11,2021-03-28,Pfizer,218122,1260651
11,2021-04-04,Pfizer,259791,1508191
11,2021-04-11,Pfizer,304926,1776571
11,2021-04-18,Pfizer,344706,2015251
11,2021-04-25,Pfizer,392604,2300371
11,2021-05-02,Pfizer,456617,2682251
11,2021-05-09,Pfizer,539102,3177161
11,2021-05-16,Pfizer,621587,3672071
11,2021-05-23,Pfizer,700172,4143581
11,2021-05-30,Pfizer,785387,4654871
11,2021-06-06,Pfizer,905702,5376761
11,2021-06-13,Pfizer,1022897,6079931
11,2021-06-20,Pfizer,1139702,6780761
11,2021-06-27,Pfizer,1272302,7576361
11,2021-07-04,Pfizer,1404902,8371961
11,2021-07-11,Pfizer,1475687,8796671
11,2021-07-18,Pfizer,1549982,9242441
11,2021-07-25,Pfizer,1620767,9667151
11,2021-08-01,Pfizer,1759412,10499021
11,2021-08-08,Pfizer,1834487,10949471
11,2021-08-15,Pfizer,1913657,11424491
11,2021-08-22,Pfizer,1998677,11934611
11,2021-08-29,Pfizer,2088962,12476321
11,2021-09-05,Pfizer,2160342,12904601
11,2021-09-12,Pfizer,2231712,13332821
02,2020-12-27,Pfizer,0,0
02,2021-01-03,Pfizer,0,0
02,2021-01-10,Pfizer,780,3900
02,2021-01-17,Pfizer,780,3900
02,2021-01-24,Pfizer,1170,6240
02,2021-01-31,Pfizer,1560,8580
02,2021-02-07,Pfizer,1950,10920
02,2021-02-14,Pfizer,2340,13260
02,2021-02-21,Pfizer,2730,15600
02,2021-02-28,Pfizer,3315,19110
02,2021-03-07,Pfizer,3900,22620
02,2021-03-14,Pfizer,4485,26130
02,2021-03-21,Pfizer,5070,29640
02,2021-03-28,Pfizer,6240,36660
02,2021-04-04,Pfizer,6825,40170
02,2021-04-11,Pfizer,8190,48360
02,2021-04-18,Pfizer,9555,56550
02,2021-04-25,Pfizer,10920,64740
02,2021-05-02,Pfizer,12675,75270
02,2021-05-09,Pfizer,16770,99840
02,2021-05-16,Pfizer,18915,112710
02,2021-05-23,Pfizer,21060,125580
02,2021-05-30,Pfizer,23205,138450
02,2021-06-06,Pfizer,25350,151320
02,2021-06-13,Pfizer,28665,171210
02,2021-06-20,Pfizer,29640,177060
02,2021-06-27,Pfizer,31785,189930
02,2021-07-04,Pfizer,33930,202800
02,2021-07-11,Pfizer,33930,202800
02,2021-07-18,Pfizer,33930,202800
02,2021-07-25,Pfizer,33930,202800
02,2021-08-01,Pfizer,33930,202800
02,2021-08-08,Pfizer,33930,202800
02,2021-08-15,Pfizer,33930,202800
02,2021-08-22,Pfizer,33930,202800
02,2021-08-29,Pfizer,36075,215670
02,2021-09-05,Pfizer,38220,228540
02,2021-09-12,Pfizer,44070,263640
06,2020-12-27,Pfizer,0,0
06,2021-01-03,Pfizer,0,0
06,2021-01-10,Pfizer,0,0
06,2021-01-17,Pfizer,0,0
06,2021-01-24,Pfizer,0,0
06,2021-01-31,Pfizer,390,2340
06,2021-02-07,Pfizer,780,4680
06,2021-02-14,Pfizer,1170,7020
06,2021-02-21,Pfizer,2145,12870
06,2021-02-28,Pfizer,2730,16380
06,2021-03-07,Pfizer,3510,21060
06,2021-03-14,Pfizer,4290,25740
06,2021-03-21,Pfizer,5070,30420
06,2021-03-28,Pfizer,6435,38610
06,2021-04-04,Pfizer,7215,43290
06,2021-04-11,Pfizer,8775,52650
06,2021-04-18,Pfizer,10335,62010
06,2021-04-25,Pfizer,11895,71370
06,2021-05-02,Pfizer,14040,84240
06,2021-05-09,Pfizer,16380,98280
06,2021-05-16,Pfizer,18720,112320
06,2021-05-23,Pfizer,21060,126360
06,2021-05-30,Pfizer,21060,126360
06,2021-06-06,Pfizer,21060,126360
06,2021-06-13,Pfizer,21060,126360
06,2021-06-20,Pfizer,21060,126360
06,2021-06-27,Pfizer,21060,126360
06,2021-07-04,Pfizer,21060,126360
06,2021-07-11,Pfizer,21060,126360
06,2021-07-18,Pfizer,21060,126360
06,2021-07-25,Pfizer,21060,126360
06,2021-08-01,Pfizer,21060,126360
06,2021-08-08,Pfizer,21060,126360
06,2021-08-15,Pfizer,21060,126360
06,2021-08-22,Pfizer,25350,152100
06,2021-08-29,Pfizer,28275,169650
06,2021-09-05,Pfizer,31200,187200
06,2021-09-12,Pfizer,34125,204750
75,2020-12-27,Pfizer,0,0
75,2021-01-03,Pfizer,1170,5850
75,2021-01-10,Pfizer,10949,54745
75,2021-01-17,Pfizer,28304,141520
75,2021-01-24,Pfizer,35466,181035
75,2021-01-31,Pfizer,45750,240060
75,2021-02-07,Pfizer,54884,292555
75,2021-02-14,Pfizer,66887,360175
75,2021-02-21,Pfizer,80181,436980
75,2021-02-28,Pfizer,93945,516915
75,2021-03-07,Pfizer,106320,589905
75,2021-03-14,Pfizer,118346,661345
75,2021-03-21,Pfizer,131740,740795
75,2021-03-28,Pfizer,148120,839075
75,2021-04-04,Pfizer,166659,949320
75,2021-04-11,Pfizer,195893,1123960
75,2021-04-18,Pfizer,225365,1299790
75,2021-04-25,Pfizer,254749,1475180
75,2021-05-02,Pfizer,294465,1712760
75,2021-05-09,Pfizer,328953,1918740
75,2021-05-16,Pfizer,362493,2119980
75,2021-05-23,Pfizer,396033,2321220
75,2021-05-30,Pfizer,431328,2532990
75,2021-06-06,Pfizer,482808,2841870
75,2021-06-13,Pfizer,540138,3185850
75,2021-06-20,Pfizer,589668,3483030
75,2021-06-27,Pfizer,647193,3828180
75,2021-07-04,Pfizer,703548,4166310
75,2021-07-11,Pfizer,738063,4373400
75,2021-07-18,Pfizer,774138,4589850
75,2021-07-25,Pfizer,814308,4830870
75,2021-08-01,Pfizer,874563,5192400
75,2021-08-08,Pfizer,916098,5441610
75,2021-08-15,Pfizer,956463,5683800
75,2021-08-22,Pfizer,1007163,5988000
75,2021-08-29,Pfizer,1042068,6197430
75,2021-09-05,Pfizer,1076973,6406860
75,2021-09-12,Pfizer,1111878,6616290
28,2020-12-27,Pfizer,0,0
28,2021-01-03,Pfizer,585,2925
28,2021-01-10,Pfizer,5680,28400
28,2021-01-17,Pfizer,16074,80370
28,2021-01-24,Pfizer,19690,100790
28,2021-01-31,Pfizer,23771,125095
28,2021-02-07,Pfizer,32049,170385
28,2021-02-14,Pfizer,37555,201815
28,2021-02-21,Pfizer,42478,231305
28,2021-02-28,Pfizer,48913,268745
28,2021-03-07,Pfizer,55739,309310
28,2021-03-14,Pfizer,61394,343240
28,2021-03-21,Pfizer,67441,379520
28,2021-03-28,Pfizer,77191,438020
28,2021-04-04,Pfizer,90010,513230
28,2021-04-11,Pfizer,104500,600110
28,2021-04-18,Pfizer,119263,688355
28,2021-04-25,Pfizer,137213,794485
28,2021-05-02,Pfizer,157757,917680
28,2021-05-09,Pfizer,176766,1031445
28,2021-05-16,Pfizer,195876,1146105
28,2021-05-23,Pfizer,214791,1259595
28,2021-05-30,Pfizer,237216,1394145
28,2021-06-06,Pfizer,265686,1564965
28,2021-06-13,Pfizer,297081,1753335
28,2021-06-20,Pfizer,324966,1920645
28,2021-06-27,Pfizer,356556,2110185
28,2021-07-04,Pfizer,388146,2299725
28,2021-07-11,Pfizer,407061,2413215
28,2021-07-18,Pfizer,425976,2526705
28,2021-07-25,Pfizer,446841,2651895
28,2021-08-01,Pfizer,485256,2882385
28,2021-08-08,Pfizer,506901,3012255
28,2021-08-15,Pfizer,530106,3151485
28,2021-08-22,Pfizer,558771,3323475
28,2021-08-29,Pfizer,579831,3449835
28,2021-09-05,Pfizer,598941,3564495
28,2021-09-12,Pfizer,618051,3679155
76,2020-12-27,Pfizer,0,0
76,2021-01-03,Pfizer,1950,9750
76,2021-01-10,Pfizer,16012,80060
76,2021-01-17,Pfizer,25957,129785
76,2021-01-24,Pfizer,32335,165575
76,2021-01-31,Pfizer,41703,220605
76,2021-02-07,Pfizer,51250,275750
76,2021-02-14,Pfizer,62788,341630
76,2021-02-21,Pfizer,75150,414360
76,2021-02-28,Pfizer,89537,497995
76,2021-03-07,Pfizer,102003,571635
76,2021-03-14,Pfizer,114141,644025
76,2021-03-21,Pfizer,127777,725075
76,2021-03-28,Pfizer,144547,825695
76,2021-04-04,Pfizer,163024,935240
76,2021-04-11,Pfizer,194007,1120380
76,2021-04-18,Pfizer,226190,1311715
76,2021-04-25,Pfizer,257686,1499420
76,2021-05-02,Pfizer,299936,1752205
76,2021-05-09,Pfizer,333757,1953485
76,2021-05-16,Pfizer,365932,2146535
76,2021-05-23,Pfizer,398107,2339585
76,2021-05-30,Pfizer,430672,2534975
76,2021-06-06,Pfizer,479227,2826305
76,2021-06-13,Pfizer,536557,3170285
76,2021-06-20,Pfizer,583942,3454595
76,2021-06-27,Pfizer,641467,3799745
76,2021-07-04,Pfizer,701137,4157765
76,2021-07-11,Pfizer,735652,4364855
76,2021-07-18,Pfizer,771337,4578965
76,2021-07-25,Pfizer,802732,4767335
76,2021-08-01,Pfizer,845242,5022395
76,2021-08-08,Pfizer,883657,5252885
76,2021-08-15,Pfizer,924412,5497415
76,2021-08-22,Pfizer,975307,5802785
76,2021-08-29,Pfizer,1017817,6057845
76,2021-09-05,Pfizer,1053112,6269615
76,2021-09-12,Pfizer,1085287,6462665
93,2020-12-27,Pfizer,0,0
93,2021-01-03,Pfizer,975,4875
93,2021-01-10,Pfizer,7995,39975
93,2021-01-17,Pfizer,12090,60450
93,2021-01-24,Pfizer,20017,105935
93,2021-01-31,Pfizer,29206,159095
93,2021-02-07,Pfizer,36226,201215
93,2021-02-14,Pfizer,46523,260305
93,2021-02-21,Pfizer,58198,328040
93,2021-02-28,Pfizer,68533,390050
93,2021-03-07,Pfizer,81426,466410
93,2021-03-14,Pfizer,95720,551530
93,2021-03-21,Pfizer,108401,627610
93,2021-03-28,Pfizer,124976,727060
93,2021-04-04,Pfizer,145563,849495
93,2021-04-11,Pfizer,173228,1014730
93,2021-04-18,Pfizer,201113,1182040
93,2021-04-25,Pfizer,229062,1348695
93,2021-05-02,Pfizer,267006,1575660
93,2021-05-09,Pfizer,294306,1739460
93,2021-05-16,Pfizer,321606,1903260
93,2021-05-23,Pfizer,348516,2064720
93,2021-05-30,Pfizer,377376,2237880
93,2021-06-06,Pfizer,415596,2467200
93,2021-06-13,Pfizer,463956,2757360
93,2021-06-20,Pfizer,501006,2979660
93,2021-06-27,Pfizer,542736,3230040
93,2021-07-04,Pfizer,584466,3480420
93,2021-07-11,Pfizer,613716,3655920
93,2021-07-18,Pfizer,642966,3831420
93,2021-07-25,Pfizer,672216,4006920
93,2021-08-01,Pfizer,701466,4182420
93,2021-08-08,Pfizer,731301,4361430
93,2021-08-15,Pfizer,761526,4542780
93,2021-08-22,Pfizer,804816,4802520
93,2021-08-29,Pfizer,834651,4981530
93,2021-09-05,Pfizer,864486,5160540
93,2021-09-12,Pfizer,894321,5339550
52,2020-12-27,Pfizer,0,0
52,2021-01-03,Pfizer,1560,7800
52,2021-01-10,Pfizer,4336,21680
52,2021-01-17,Pfizer,9211,46055
52,2021-01-24,Pfizer,15404,80140
52,2021-01-31,Pfizer,22743,120930
52,2021-02-07,Pfizer,26838,145500
52,2021-02-14,Pfizer,34812,189465
52,2021-02-21,Pfizer,44048,240910
52,2021-02-28,Pfizer,50093,277180
52,2021-03-07,Pfizer,57100,318065
52,2021-03-14,Pfizer,65577,367860
52,2021-03-21,Pfizer,73097,412870
52,2021-03-28,Pfizer,83237,473710
52,2021-04-04,Pfizer,94625,540985
52,2021-04-11,Pfizer,112523,647050
52,2021-04-18,Pfizer,129293,747670
52,2021-04-25,Pfizer,147060,853275
52,2021-05-02,Pfizer,171145,996515
52,2021-05-09,Pfizer,194155,1134575
52,2021-05-16,Pfizer,217165,1272635
52,2021-05-23,Pfizer,240175,1410695
52,2021-05-30,Pfizer,264160,1554605
52,2021-06-06,Pfizer,298675,1761695
52,2021-06-13,Pfizer,335140,1980485
52,2021-06-20,Pfizer,369070,2184065
52,2021-06-27,Pfizer,407290,2413385
52,2021-07-04,Pfizer,445705,2643875
52,2021-07-11,Pfizer,472810,2806505
52,2021-07-18,Pfizer,500500,2972645
52,2021-07-25,Pfizer,530335,3151655
52,2021-08-01,Pfizer,562900,3347045
52,2021-08-08,Pfizer,589615,3507335
52,2021-08-15,Pfizer,611845,3640715
52,2021-08-22,Pfizer,639925,3809195
52,2021-08-29,Pfizer,673855,4012775
52,2021-09-05,Pfizer,696085,4146155
52,2021-09-12,Pfizer,718315,4279535
04,2020-12-27,Pfizer,0,0
04,2021-01-03,Pfizer,0,0
04,2021-01-10,Pfizer,0,0
04,2021-01-17,Pfizer,975,4875
04,2021-01-24,Pfizer,1755,9555
04,2021-01-31,Pfizer,2340,13065
04,2021-02-07,Pfizer,2925,16575
04,2021-02-14,Pfizer,3705,21255
04,2021-02-21,Pfizer,5070,29445
04,2021-02-28,Pfizer,5850,34125
04,2021-03-07,Pfizer,6825,39975
04,2021-03-14,Pfizer,7800,45825
04,2021-03-21,Pfizer,8970,52845
04,2021-03-28,Pfizer,10725,63375
04,2021-04-04,Pfizer,11895,70395
04,2021-04-11,Pfizer,15210,90285
04,2021-04-18,Pfizer,17550,104325
04,2021-04-25,Pfizer,20475,121875
04,2021-05-02,Pfizer,23595,140595
04,2021-05-09,Pfizer,35490,211965
04,2021-05-16,Pfizer,41535,248235
04,2021-05-23,Pfizer,47580,284505
04,2021-05-30,Pfizer,53625,320775
04,2021-06-06,Pfizer,62595,374595
04,2021-06-13,Pfizer,70590,422565
04,2021-06-20,Pfizer,79560,476385
04,2021-06-27,Pfizer,89700,537225
04,2021-07-04,Pfizer,99840,598065
04,2021-07-11,Pfizer,104715,627315
04,2021-07-18,Pfizer,109590,656565
04,2021-07-25,Pfizer,114465,685815
04,2021-08-01,Pfizer,119340,715065
04,2021-08-08,Pfizer,124215,744315
04,2021-08-15,Pfizer,129090,773565
04,2021-08-22,Pfizer,138840,832065
04,2021-08-29,Pfizer,148590,890565
04,2021-09-05,Pfizer,158340,949065
04,2021-09-12,Pfizer,163215,978315
